"","i","truth","cvtmle","cvtmle_se","cvtmle_lower","cvtmle_upper","cvaiptw","cvaiptw_se","cvaiptw_lower","cvaiptw_upper"
"result.1","1",0.686,0.619707242164503,0.0465503767182758,0.528468503796683,0.710945980532324,0.625733055177933,0.0487874282140735,0.530109695878349,0.721356414477517
"result.2","2",0.686,0.666569807579769,0.0483037017962245,0.571894552059169,0.761245063100369,0.664302244469639,0.0490985207184984,0.568069143861382,0.760535345077896
"result.3","3",0.686,0.633189220876062,0.0482861411230953,0.538548384274795,0.727830057477329,0.647667677288789,0.0507785061479983,0.548141805238712,0.747193549338866
"result.4","4",0.686,0.627247545709194,0.0482875463138294,0.532603954934089,0.7218911364843,0.606123304010875,0.0502544025574542,0.507624674998264,0.704621933023485
"result.5","5",0.686,0.693601311451298,0.0489061534190387,0.597745250749982,0.789457372152613,0.69624331499082,0.0501252222111398,0.597997879456986,0.794488750524654
"result.6","6",0.686,0.722827534150676,0.0498519691086289,0.625117674697763,0.820537393603589,0.738118872712854,0.160372269089241,0.423789225297941,1.05244852012777
"result.7","7",0.686,0.658825647211287,0.0494451206570172,0.561913210723533,0.75573808369904,0.645301882128395,0.0504688628829833,0.546382910877748,0.744220853379042
"result.8","8",0.686,0.727747173718515,0.0521806105711702,0.625473176999021,0.830021170438008,0.749288499435166,0.0531981118836293,0.645020200143252,0.853556798727079
"result.9","9",0.686,0.667200331706129,0.0503874359086156,0.568440957325243,0.765959706087016,0.665642163302999,0.0512943242245539,0.565105287822873,0.766179038783125
"result.10","10",0.686,0.588631759164694,0.0463065220496062,0.497870975947466,0.679392542381922,0.571425983071011,0.0480717724239558,0.477205309120058,0.665646657021965
"result.11","11",0.686,0.58519553381598,0.0474635691861344,0.492166938211157,0.678224129420803,0.609187678105878,0.050608708180787,0.509994610071535,0.70838074614022
"result.12","12",0.686,0.643132376340039,0.0487763718548371,0.547530687504559,0.73873406517552,0.624857408783652,0.0505180853237797,0.525841961549044,0.72387285601826
"result.13","13",0.686,0.593223386824471,0.0442924623735768,0.506410160572261,0.680036613076682,0.580545593437652,0.0461513434555513,0.490088960264771,0.671002226610533
"result.14","14",0.686,0.665424090843557,0.048815001278246,0.569746688338195,0.76110149334892,0.659235364290734,0.0494468251457508,0.562319587005063,0.756151141576406
"result.15","15",0.686,0.67236557499303,0.0482583284014559,0.577779251326176,0.766951898659883,0.661453724159851,0.0500847617680758,0.563287591094422,0.759619857225279
"result.16","16",0.686,0.702593607219129,0.0477555726777463,0.608992684770746,0.796194529667511,0.703345298048972,0.0484222710261978,0.608437646837625,0.79825294926032
"result.17","17",0.686,0.697848050646976,0.0515943195112394,0.596723184404947,0.798972916889005,0.696114725616272,0.0559610587264232,0.586431050512482,0.805798400720061
"result.18","18",0.686,0.632783119023694,0.0505337634032062,0.53373694275341,0.731829295293978,0.634584052867141,0.0563354561059111,0.524166558899555,0.745001546834727
"result.19","19",0.686,0.619322761481092,0.0463958937242306,0.5283868097816,0.710258713180584,0.621976029453263,0.0477003956734984,0.528483253933206,0.715468804973319
"result.20","20",0.686,0.668958692140065,0.048171629991122,0.574542297357466,0.763375086922664,0.659653949704698,0.0488381351196393,0.563931204870205,0.755376694539191
"result.21","21",0.686,0.706127640195936,0.0501741568768494,0.607786292717311,0.804468987674561,0.698947992162953,0.051571446326851,0.597867957362325,0.800028026963581
"result.22","22",0.686,0.691167755969359,0.0501367246188646,0.592899775716385,0.789435736222334,0.677628307764289,0.0508384821715226,0.577984882708105,0.777271732820473
"result.23","23",0.686,0.636276268052835,0.0479948050667218,0.542206450122061,0.73034608598361,0.635997965472202,0.0491739099438767,0.539617101982203,0.7323788289622
"result.24","24",0.686,0.83942103159327,0.0538168052870706,0.733940093230611,0.944901969955928,0.834291336537262,0.0551436085975946,0.726209863685977,0.942372809388547
"result.25","25",0.686,0.787596763819611,0.252000204742706,0.293676362523908,1.28151716511531,0.254315324324444,0.179568903690473,-0.0976397269088834,0.606270375557772
"result.26","26",0.686,0.719200549751944,0.0510161569973314,0.619208882037174,0.819192217466714,0.723218718162687,0.0523578603549908,0.620597311866905,0.825840124458469
"result.27","27",0.686,0.620382695016863,0.0473545349266497,0.52756780656063,0.713197583473097,0.627263884771885,0.0486386835522899,0.531932065009396,0.722595704534373
"result.28","28",0.686,0.655802052906726,0.0466041562496608,0.564457906657391,0.747146199156061,0.659281195217757,0.0471495205308221,0.566868134977345,0.751694255458168
"result.29","29",0.686,0.657510332916464,0.049445618868781,0.560596919933653,0.754423745899275,0.635036290413657,0.049895222899142,0.537241653531339,0.732830927295975
"result.30","30",0.686,0.558796243370429,0.0436768886371329,0.473189541641649,0.644402945099209,0.589074345969529,0.0463009265484656,0.498324529934537,0.679824162004522
"result.31","31",0.686,0.677582727380376,0.0512931957244667,0.577048063760421,0.778117391000331,0.684630801046296,0.0521155948647658,0.582484235111355,0.786777366981237
"result.32","32",0.686,0.703479406177661,0.050756762836418,0.603996151018282,0.802962661337041,0.692036827623366,0.05056225715105,0.592934803607308,0.791138851639424
"result.33","33",0.686,0.701056871388217,0.0502598308534448,0.602547602915465,0.799566139860969,0.679842938619064,0.0507171995155709,0.580437227568545,0.779248649669583
"result.34","34",0.686,0.586797770197005,0.0475575231604513,0.49358502480252,0.68001051559149,0.5945535221282,0.0478706704958179,0.500727007956397,0.688380036300003
"result.35","35",0.686,0.714830883473302,0.0488286107832116,0.619126806338207,0.810534960608396,0.677867959817423,0.0597566590914141,0.560744907998251,0.794991011636595
"result.36","36",0.686,0.862194258238845,0.146913436905704,0.574243921903665,1.15014459457402,0.705021252919281,0.126819020264032,0.456455973201778,0.953586532636784
"result.37","37",0.686,0.761614264967529,0.0519333278313979,0.659824942417989,0.863403587517069,0.756260070274954,0.0521717078987752,0.654003522793354,0.858516617756553
"result.38","38",0.686,0.640627885905682,0.0484851769109463,0.545596939160228,0.735658832651137,0.646194428418494,0.0499281583607484,0.548335238031427,0.744053618805561
"result.39","39",0.686,0.629093593536773,0.0483102042388064,0.534405593228713,0.723781593844834,0.622577678940666,0.049139483660684,0.526264290965725,0.718891066915606
"result.40","40",0.686,0.66451381874336,0.0503779215837398,0.56577309243923,0.763254545047491,0.638140091155251,0.0519626603332667,0.536293276902049,0.739986905408454
"result.41","41",0.686,0.622228248626911,0.0498329492732202,0.524555668051399,0.719900829202422,0.590987664565692,0.0533109635685406,0.486498175971352,0.695477153160031
"result.42","42",0.686,0.626813992196619,0.0488880988548497,0.530993318441113,0.722634665952124,0.634619605364603,0.0541138525763895,0.52855645431488,0.740682756414327
"result.43","43",0.686,0.652245160821165,0.0488042771986767,0.556588777511759,0.747901544130572,0.650988199179372,0.0508786980283203,0.551265951043864,0.75071044731488
"result.44","44",0.686,0.642112754958146,0.0468405731348183,0.550305231613902,0.73392027830239,0.624667460274185,0.0472568510712099,0.532044032174613,0.717290888373756
"result.45","45",0.686,0.700232727281398,0.0492713496702378,0.603660881927731,0.796804572635064,0.692737778722399,0.0508122635449903,0.593145742174218,0.79232981527058
"result.46","46",0.686,0.737541043145185,0.0492849671647205,0.640942507502333,0.834139578788037,0.758080812124629,0.050706725821665,0.658695629514166,0.857465994735092
"result.47","47",0.686,0.639877845247135,0.0493396734574288,0.543172085270575,0.736583605223696,0.662675474979527,0.0523065830151451,0.560154572269843,0.765196377689212
"result.48","48",0.686,0.694129216203827,0.0534036415146569,0.589458078835099,0.798800353572554,0.675233574103656,0.053717595336064,0.569947087244971,0.780520060962342
"result.49","49",0.686,0.644254998997487,0.0468625437991265,0.552404413151199,0.736105584843774,0.599381995305647,0.0514810235421121,0.498479189163108,0.700284801448187
"result.50","50",0.686,0.681561274227732,0.0497569106368826,0.584037729379442,0.779084819076022,0.670986752249019,0.0506409567832142,0.571730476953919,0.770243027544119
"result.51","51",0.686,0.655512105396994,0.0471992092967348,0.563001655175393,0.748022555618594,0.647702910443718,0.0478817127630096,0.553854753428219,0.741551067459217
"result.52","52",0.686,0.658966905292592,0.0483733116324433,0.564155214493004,0.753778596092181,0.643825390487777,0.0489734504680099,0.547837427570478,0.739813353405077
"result.53","53",0.686,0.674643807596859,0.0489652558816297,0.578671906068865,0.770615709124854,0.661882083656317,0.0500681916220775,0.563748428077045,0.760015739235589
"result.54","54",0.686,0.615196564323347,0.0468844152147131,0.523303110502509,0.707090018144184,0.612240807447585,0.0482101539979725,0.517748905611559,0.706732709283611
"result.55","55",0.686,0.673907398989736,0.0488041077134154,0.578251347871441,0.76956345010803,0.675533882109793,0.0496899949150122,0.578141492076369,0.772926272143217
"result.56","56",0.686,0.693970409851084,0.0473218405635831,0.601219602346461,0.786721217355707,0.69471526820897,0.0482460971071245,0.600152917879006,0.789277618538934
"result.57","57",0.686,0.576703346697486,0.0460489346445989,0.486447434794072,0.6669592586009,0.556414010162299,0.049425598110993,0.459539837864753,0.653288182459846
"result.58","58",0.686,0.612683431105702,0.0465877195501398,0.521371500787428,0.703995361423976,0.607977337898373,0.0488034148244791,0.512322644842394,0.703632030954352
"result.59","59",0.686,0.630422838896256,0.0480243676686228,0.536295078265756,0.724550599526757,0.624092761326028,0.0491289684142472,0.527799983234104,0.720385539417953
"result.60","60",0.686,0.595943186259728,0.046696848624948,0.50441736295483,0.687469009564626,0.524412411223385,0.0587492643194948,0.409263853157176,0.639560969289595
"result.61","61",0.686,0.693303027556507,0.0491574630062345,0.596954400064287,0.789651655048726,0.680223810765206,0.0504056242455548,0.581428787243919,0.779018834286493
"result.62","62",0.686,0.632033419963911,0.0482149754117497,0.537532068156882,0.72653477177094,0.609580943477627,0.0497928693229596,0.511986919604626,0.707174967350628
"result.63","63",0.686,0.655866012750889,0.0684002958259304,0.521801432932065,0.789930592569712,0.707670503803006,0.196647936298333,0.322240548658273,1.09310045894774
"result.64","64",0.686,0.677365499800223,0.0500613577780494,0.579245238555246,0.7754857610452,0.665767599287459,0.0509835690682706,0.565839803913649,0.765695394661269
"result.65","65",0.686,0.721930252227198,0.0500846051278327,0.623764426176645,0.82009607827775,0.711289983507677,0.0515036655087667,0.610342799110494,0.812237167904859
"result.66","66",0.686,0.640521631223402,0.0505419644703897,0.541459380861438,0.739583881585365,0.623798486696547,0.0484598984565861,0.528817085721638,0.718779887671456
"result.67","67",0.686,0.617695484238967,0.0486386493859988,0.52236373144241,0.713027237035525,0.622854858274559,0.0525910207621104,0.519776457580823,0.725933258968296
"result.68","68",0.686,0.728519602607594,0.0522684317990209,0.626073476281513,0.830965728933675,0.734707475244413,0.0538697666766467,0.629122732558185,0.84029221793064
"result.69","69",0.686,0.730936503322288,0.0601656374800146,0.61301185386146,0.848861152783116,0.660949950734794,0.0553262584189644,0.552510484233624,0.769389417235965
"result.70","70",0.686,0.599420970439509,0.0476633171600015,0.506000868805906,0.692841072073112,0.59881916114771,0.0500986758993699,0.500625756384946,0.697012565910475
"result.71","71",0.686,0.788644384335262,0.0543262990609316,0.682164838175836,0.895123930494688,0.781382024342405,0.0557602403887763,0.672091953180404,0.890672095504407
"result.72","72",0.686,0.730390948919943,0.050464770793701,0.631479998164289,0.829301899675597,0.715866111621202,0.0510907682383352,0.615728205874065,0.816004017368339
"result.73","73",0.686,0.648328972652655,0.048352654801183,0.553557769242336,0.743100176062974,0.671358463441417,0.0495938422039658,0.574154532721645,0.76856239416119
"result.74","74",0.686,0.725498896591403,0.0514948494106173,0.624568991746593,0.826428801436213,0.703519612043732,0.0523923049119844,0.600830694416243,0.806208529671222
"result.75","75",0.686,0.573879943786322,0.045605774524006,0.48449262571927,0.663267261853374,0.594126231125649,0.046908538545771,0.502185495575937,0.68606696667536
"result.76","76",0.686,0.695368052693794,0.0490917402510143,0.599148241801806,0.791587863585782,0.692207291683741,0.0497102203180588,0.594775259860345,0.789639323507136
"result.77","77",0.686,0.633044302633394,0.0486720054401435,0.537647171970713,0.728441433296076,0.654572846362531,0.050547101957116,0.555500526526583,0.753645166198478
"result.78","78",0.686,0.621852091764621,0.0477088496667356,0.52834274641782,0.715361437111423,0.616030214238164,0.0500350907340132,0.517961436399498,0.71409899207683
"result.79","79",0.686,0.650891778908314,0.0483781274430546,0.556070649119927,0.745712908696701,0.639524746476348,0.0485119739517709,0.544441277530878,0.734608215421819
"result.80","80",0.686,0.627146291883197,0.0461742722948521,0.536644718185287,0.717647865581108,0.627068484995085,0.0472391920620493,0.534479668553469,0.719657301436702
"result.81","81",0.686,0.703479402376011,0.0499578623191913,0.605561992230396,0.801396812521626,0.705783043754844,0.0510053375806016,0.605812582096865,0.805753505412823
"result.82","82",0.686,0.672798192341816,0.0488527151863629,0.577046870576544,0.768549514107087,0.668254444505061,0.0494593151566866,0.571314186797955,0.765194702212166
"result.83","83",0.686,0.629411771973997,0.0457901389947172,0.539663099544351,0.719160444403643,0.635193439449226,0.0465386783639882,0.543977629855809,0.726409249042643
"result.84","84",0.686,0.659060849916271,0.0545080688777672,0.552225034915847,0.765896664916695,0.719483286226088,0.0820259586310607,0.558712407309209,0.880254165142967
"result.85","85",0.686,0.596443752942777,0.0446648474394543,0.508900651961447,0.683986853924108,0.621729177753027,0.0464074677543578,0.530770540954486,0.712687814551569
"result.86","86",0.686,0.675838099292725,0.0497077387112145,0.578410931418744,0.773265267166705,0.67218334468842,0.0512983150008904,0.571638647286675,0.772728042090165
"result.87","87",0.686,0.704372727004065,0.0516532049735368,0.603132445255933,0.805613008752197,0.713002222632471,0.0535504876100722,0.608043266916729,0.817961178348212
"result.88","88",0.686,0.634460781531627,0.0469681135792404,0.542403278916316,0.726518284146939,0.620145571703734,0.0469407223203359,0.528141755955876,0.712149387451592
"result.89","89",0.686,0.949744819372575,0.122069829743187,0.710487953075928,1.18900168566922,0.810776186974115,0.0543954448604599,0.704161115047614,0.917391258900617
"result.90","90",0.686,0.648620191866054,0.0498656441729929,0.550883529286988,0.74635685444512,0.64671467997576,0.0516487380227996,0.545483153451073,0.747946206500448
"result.91","91",0.686,0.798037458929555,0.0543994333299165,0.691414569602919,0.904660348256191,0.770917236512386,0.0571395498313216,0.658923718842995,0.882910754181776
"result.92","92",0.686,0.676194292366753,0.0498324870240509,0.578522617799614,0.773865966933893,0.675120026729277,0.0509794876548961,0.57520023092568,0.775039822532873
"result.93","93",0.686,0.691191736291675,0.0488578863171662,0.595430279110029,0.78695319347332,0.695721999696714,0.050848643104777,0.596058659211351,0.795385340182077
"result.94","94",0.686,0.637776690466877,0.0592819743859107,0.521584020670492,0.753969360263262,0.819694849552399,0.311118259252624,0.209903061417256,1.42948663768754
"result.95","95",0.686,0.678001066892322,0.047495007603042,0.58491085199036,0.771091281794285,0.682691367849739,0.0483457806906895,0.587933637695987,0.77744909800349
"result.96","96",0.686,0.748607891503669,0.053295804020299,0.644148115623883,0.853067667383455,0.733880753031336,0.0541690044879434,0.627709504234967,0.840052001827705
"result.97","97",0.686,0.667901242610833,0.0541660317165026,0.561735820446488,0.774066664775178,0.682023159235011,0.0609280906531471,0.562604101554843,0.801442216915179
"result.98","98",0.686,0.718689657787716,0.0483300079439702,0.623962842217535,0.813416473357898,0.722014993865732,0.0489167799996323,0.626138105066452,0.817891882665011
"result.99","99",0.686,0.70887576027061,0.0511181152599212,0.608684254361165,0.809067266180056,0.708438842468221,0.0536000076681253,0.603382827438695,0.813494857497746
"result.100","100",0.686,0.748853525681392,0.0532585754102344,0.644466717877332,0.853240333485451,0.734345190473423,0.0537493347499155,0.628996494363589,0.839693886583257
"result.101","101",0.686,0.643414114261081,0.049691566358149,0.546018644199109,0.740809584323053,0.651062930697062,0.0513315924551346,0.550453009484998,0.751672851909125
"result.102","102",0.686,0.625213072594359,0.0507862451181385,0.525672032162807,0.72475411302591,0.613011865571623,0.0531426583433844,0.50885225521859,0.717171475924656
"result.103","103",0.686,0.623674234198369,0.0486265285538616,0.5283662382328,0.718982230163938,0.643553131792952,0.0494462170476025,0.546638546379651,0.740467717206253
"result.104","104",0.686,0.773999885135459,0.085923822107064,0.605589193805614,0.942410576465305,0.674692637375975,0.0595919676136274,0.557892380853265,0.791492893898685
"result.105","105",0.686,0.694394667429151,0.0476333417882511,0.601033317524179,0.787756017334124,0.678508440193855,0.0486030981187508,0.583246367881104,0.773770512506607
"result.106","106",0.686,0.680112598919592,0.0505246219052103,0.58108433998538,0.779140857853805,0.708087608012987,0.0567430465856942,0.596871236705027,0.819303979320948
"result.107","107",0.686,0.767151514395539,0.0539288514855646,0.661450965483832,0.872852063307246,0.748979652798647,0.056117263791127,0.638989815768038,0.858969489829256
"result.108","108",0.686,0.757110902805601,0.0506568092743818,0.657823556627813,0.856398248983389,0.747753279826039,0.0504552452034737,0.64886099922723,0.846645560424847
"result.109","109",0.686,0.7263976262424,0.156996807945812,0.418683882668609,1.03411136981619,0.782811943604597,0.108034044440758,0.57106521650071,0.994558670708483
"result.110","110",0.686,0.751203824372149,0.0500466546457166,0.653112381266544,0.849295267477754,0.755850700089892,0.0519461574713376,0.65403623144607,0.857665168733714
"result.111","111",0.686,0.639051023001984,0.0478508844976084,0.545263289386671,0.732838756617296,0.671826054012388,0.0497674507577027,0.574281850527291,0.769370257497486
"result.112","112",0.686,0.664942522430303,0.0489454361482581,0.569009467579717,0.760875577280889,0.663938830747698,0.049415927053733,0.567083613722381,0.760794047773015
"result.113","113",0.686,0.682360039750087,0.0494951686891264,0.585349509119399,0.779370570380774,0.672635193100431,0.0503787308176862,0.573892880697766,0.771377505503096
"result.114","114",0.686,0.688425133246098,0.0504910298682639,0.5894627147043,0.787387551787895,0.675540398656517,0.0502607545714891,0.577029319696399,0.774051477616636
"result.115","115",0.686,0.609579590094427,0.0473223455120332,0.516827792890842,0.702331387298012,0.608821715892564,0.0497227311513287,0.51136516283596,0.706278268949168
"result.116","116",0.686,0.745718067791595,0.0504618620626941,0.646812818148715,0.844623317434476,0.754284510160617,0.0509400722900715,0.654441968472077,0.854127051849157
"result.117","117",0.686,0.626842720797946,0.0471738828435973,0.534381910424495,0.719303531171397,0.616591243950002,0.048435986824683,0.521656709773623,0.711525778126381
"result.118","118",0.686,0.658375245793196,0.0483404026971139,0.563628056506852,0.753122435079539,0.67365733430413,0.0527830518678264,0.57020255264319,0.77711211596507
"result.119","119",0.686,0.657119297240803,0.0486990512834026,0.561669156725334,0.752569437756272,0.664503308940066,0.0508842955299646,0.564770089701335,0.764236528178797
"result.120","120",0.686,0.676103933338238,0.0475384783868316,0.582928515700048,0.769279350976428,0.678647762727682,0.0482375834551539,0.58410209915558,0.773193426299783
"result.121","121",0.686,0.681332539180657,0.050172360141031,0.582994713304236,0.779670365057078,0.653905552921303,0.0511373105721872,0.553676424199816,0.75413468164279
"result.122","122",0.686,0.686987453949744,0.048744440361185,0.591448350841822,0.782526557057667,0.691481375226969,0.0489208407344838,0.595596527387381,0.787366223066557
"result.123","123",0.686,0.692869933248425,0.0488177578644684,0.597187127834067,0.788552738662783,0.685508555302498,0.0502607043874703,0.586997574703056,0.784019535901939
"result.124","124",0.686,0.701188821245981,0.050236637952922,0.602725010858254,0.799652631633708,0.700160469711841,0.0511394644413904,0.599927119406716,0.800393820016966
"result.125","125",0.686,0.851919864722174,0.210246021010202,0.439837663542177,1.26400206590217,0.240239000232025,0.347308644617128,-0.440485943217546,0.920963943681597
"result.126","126",0.686,0.652493973256746,0.0477773406843604,0.558850385515399,0.746137560998092,0.637670502282462,0.0490573064977603,0.541518181546852,0.733822823018072
"result.127","127",0.686,0.659251824029233,0.0488058408244751,0.563592376013262,0.754911272045204,0.661189772210897,0.050128976579691,0.562936978114702,0.759442566307091
"result.128","128",0.686,0.699145850902242,0.0502415264074634,0.600672459143614,0.79761924266087,0.691396135675285,0.0495737880737337,0.594231511050767,0.788560760299803
"result.129","129",0.686,0.673364205079883,0.0498897079680703,0.575580377462466,0.771148032697301,0.686239826329104,0.0516286761387956,0.585047621097065,0.787432031561144
"result.130","130",0.686,0.607514559439368,0.0459714178107202,0.517410580530356,0.69761853834838,0.606344757610677,0.0467885103925955,0.51463927724119,0.698050237980165
"result.131","131",0.686,0.612051180615349,0.046683808718029,0.520550915528012,0.703551445702686,0.57638994492698,0.0478455287389597,0.482612708598619,0.670167181255341
"result.132","132",0.686,0.632737821431899,0.0471793582987097,0.540266279166428,0.72520936369737,0.634082359283342,0.0479373324154715,0.540125187749018,0.728039530817666
"result.133","133",0.686,0.644428615273597,0.0496013586010424,0.547209952415554,0.74164727813164,0.621962341939336,0.0520206915960048,0.520001786411166,0.723922897467505
"result.134","134",0.686,0.670145932757841,0.0489539661410997,0.574196159121285,0.766095706394396,0.669340249399994,0.0496051582132144,0.572114139302094,0.766566359497894
"result.135","135",0.686,0.747557537746173,0.0513044036363471,0.647000906618933,0.848114168873414,0.731902877574283,0.052433078053922,0.629134044588596,0.83467171055997
"result.136","136",0.686,0.66164021686842,0.049958590707825,0.563721379081083,0.759559054655757,0.652345222875025,0.0517628279645194,0.550890080064568,0.753800365685483
"result.137","137",0.686,0.720328981235831,0.066550601445967,0.589889802401736,0.850768160069926,0.73253507056759,0.0681784582910379,0.598905292317156,0.866164848818024
"result.138","138",0.686,0.708593824652074,0.0499705329435706,0.610651580082676,0.806536069221473,0.701519027793856,0.0506968709444524,0.602153160742729,0.800884894844983
"result.139","139",0.686,0.665176105044374,0.0481246083812211,0.570851872617181,0.759500337471567,0.662044806712125,0.0497962130152806,0.564444229202175,0.759645384222075
"result.140","140",0.686,0.782924417143207,0.0553971244092926,0.674346053300994,0.891502780985421,0.791790603820995,0.0586220137914849,0.676891456789685,0.906689750852305
"result.141","141",0.686,0.68752121742325,0.259177368287514,0.179533575579722,1.19550885926678,0.679882051830084,0.164496941696094,0.35746804610574,1.00229605755443
"result.142","142",0.686,0.694781884088688,0.0497825976361511,0.597207992721832,0.792355775455544,0.631162026929801,0.0522191611320025,0.528812471111076,0.733511582748526
"result.143","143",0.686,0.634004197905307,0.0479954072266996,0.539933199740976,0.728075196069639,0.643855415466598,0.0504452784272045,0.544982669749277,0.742728161183919
"result.144","144",0.686,0.722257145086472,0.0678079149344218,0.589353631815005,0.855160658357939,0.515726190601751,0.28088073843848,-0.0348000567376707,1.06625243794117
"result.145","145",0.686,0.64636141670482,0.0476115251413357,0.553042827427802,0.739680005981838,0.635714427535351,0.0479382815478322,0.5417553957016,0.729673459369102
"result.146","146",0.686,0.618072587784066,0.0466455963390444,0.526647218959539,0.709497956608593,0.622111134015455,0.0475971204644774,0.528820777905079,0.71540149012583
"result.147","147",0.686,0.645294046926869,0.0488499883635859,0.549548069734241,0.741040024119497,0.667270500641076,0.0532280274134523,0.562943566910709,0.771597434371442
"result.148","148",0.686,0.640062285308194,0.0478884366628363,0.546200949449035,0.733923621167354,0.632845191213209,0.0483684839291927,0.538042962711992,0.727647419714427
"result.149","149",0.686,0.708562872529629,0.0507221685854233,0.609147422102199,0.807978322957059,0.70003125135072,0.0519490714409035,0.598211071326549,0.801851431374891
"result.150","150",0.686,0.671965938213205,0.0499740829236798,0.574016735682793,0.769915140743618,0.654941609759059,0.0527564663696577,0.55153893567453,0.758344283843588
"result.151","151",0.686,0.674694230838564,0.0481054667530937,0.5804075160025,0.768980945674627,0.668620429587478,0.049670788896096,0.57126568335113,0.765975175823826
"result.152","152",0.686,0.710481184522349,0.050662007573611,0.611183649678072,0.809778719366627,0.677617183052111,0.0515949368658954,0.576491106794956,0.778743259309266
"result.153","153",0.686,0.738500102849355,0.0521753674725067,0.636236382603242,0.840763823095468,0.753392433125669,0.0532258077068467,0.64906985002025,0.857715016231089
"result.154","154",0.686,0.727972730401545,0.0507840166799556,0.628436057708832,0.827509403094258,0.725515214368228,0.0510571800310173,0.625443141507434,0.825587287229022
"result.155","155",0.686,0.61896565178607,0.0465643307767663,0.527699563463608,0.710231740108532,0.61159882998431,0.0475496183594608,0.518401577999766,0.704796081968853
"result.156","156",0.686,0.673902031000633,0.0481753042411852,0.57947843468791,0.768325627313356,0.686559396514777,0.0492864422123672,0.589957969778538,0.783160823251017
"result.157","157",0.686,0.510782223413617,0.0415192971596707,0.429404400980662,0.592160045846572,0.512683281597141,0.043130414548164,0.42814766908274,0.597218894111543
"result.158","158",0.686,0.768747668440437,0.0542370929765775,0.662442966206345,0.875052370674528,0.781056787148819,0.0569833933393644,0.669369336203664,0.892744238093973
"result.159","159",0.686,0.675569813648272,0.0519490549483891,0.573749665949429,0.777389961347115,0.654903931369236,0.0515745305323115,0.553817851525906,0.755990011212567
"result.160","160",0.686,0.643563023421097,0.0480049747581476,0.549473272895127,0.737652773947066,0.634753380234747,0.0487249507996041,0.539252476667523,0.730254283801971
"result.161","161",0.686,0.755760300768448,0.0513874520846981,0.65504089468244,0.856479706854456,0.716912158496743,0.0515658476856188,0.61584309703293,0.817981219960555
"result.162","162",0.686,0.640240328595748,0.0482212789424444,0.545726621868557,0.734754035322939,0.554703666794219,0.0686536554441418,0.420142502123701,0.689264831464737
"result.163","163",0.686,0.625763878192315,0.0475454186051108,0.532574857726298,0.718952898658332,0.602482544461818,0.0511757812697867,0.502178013173036,0.7027870757506
"result.164","164",0.686,0.765026568879824,0.0566184653533293,0.654054376787298,0.875998760972349,0.753493614544083,0.0592140186247575,0.637434138039558,0.869553091048607
"result.165","165",0.686,0.67822247465761,0.0503414352647191,0.57955326153876,0.776891687776459,0.643676639507378,0.0495003703161351,0.546655913687753,0.740697365327002
"result.166","166",0.686,0.773598221060631,0.0666178519167401,0.64302723130382,0.904169210817442,0.744888428820312,0.182227763605367,0.387722012153793,1.10205484548683
"result.167","167",0.686,0.668033265518626,0.0487110987805355,0.572559511908777,0.763507019128476,0.673782113284392,0.0497431596401833,0.576285520389633,0.771278706179152
"result.168","168",0.686,0.778233571988511,0.0525885034951251,0.675160105138066,0.881307038838956,0.781153992895405,0.0528383791211683,0.677590769817915,0.884717215972894
"result.169","169",0.686,0.652094742141681,0.0501705328583953,0.553760497739226,0.750428986544136,0.645996202685187,0.0505168256707322,0.546983224370552,0.745009180999822
"result.170","170",0.686,0.706697534673299,0.0498480492543589,0.608995358134755,0.804399711211842,0.682449175630865,0.0508443107632367,0.582794326534921,0.782104024726809
"result.171","171",0.686,0.673423565947029,0.0488335553271589,0.577709797505797,0.76913733438826,0.682565704474537,0.0504762982499327,0.583632159904669,0.781499249044405
"result.172","172",0.686,0.693621175074662,0.0505138874732485,0.594613955627095,0.79262839452223,0.677852136302306,0.0508886086762982,0.578110463296761,0.77759380930785
"result.173","173",0.686,0.68186876506177,0.0495521892118196,0.584746474206604,0.778991055916936,0.58018268115235,0.0770995218637433,0.429067618299413,0.731297744005287
"result.174","174",0.686,0.684144087786306,0.0507283277029211,0.584716565488581,0.783571610084032,0.662155580974392,0.0532724618584609,0.557741555731809,0.766569606216976
"result.175","175",0.686,0.74329423855236,0.0525177118460655,0.640359523334072,0.846228953770649,0.73975843539793,0.053311303770402,0.635268280007942,0.844248590787918
"result.176","176",0.686,0.618753160115273,0.0483728962355702,0.523942283493555,0.713564036736991,0.614645181564549,0.0492990917650169,0.518018961705116,0.711271401423982
"result.177","177",0.686,0.673231143711098,0.0509273776074713,0.573413483600454,0.773048803821741,0.651266019886357,0.0521448189375526,0.549062174768754,0.75346986500396
"result.178","178",0.686,0.644275764102116,0.0470662529569463,0.552025908306501,0.73652561989773,0.633802295691227,0.047543662664299,0.540616716869201,0.726987874513253
"result.179","179",0.686,0.687777111745398,0.0492259898871256,0.591294171566632,0.784260051924164,0.695860305543241,0.0498205959849803,0.59821193741268,0.793508673673802
"result.180","180",0.686,0.668686478529644,0.0491406739849524,0.572370757519137,0.76500219954015,0.667018372360453,0.0520272573786956,0.565044947898209,0.768991796822696
"result.181","181",0.686,0.601969448899536,0.0469058361669749,0.510034010012265,0.693904887786806,0.611879333320095,0.0478182292548898,0.518155603980511,0.705603062659679
"result.182","182",0.686,0.689413585274095,0.0509966282737473,0.589460193857551,0.78936697669064,0.701225416920929,0.0512665913235471,0.600742897926776,0.801707935915081
"result.183","183",0.686,0.725826480662252,0.0778130160158775,0.573312969271132,0.878339992053372,0.902402669802053,0.272942577460042,0.367435217980371,1.43737012162374
"result.184","184",0.686,0.737472567082671,0.0644344382621517,0.611181068088854,0.863764066076488,0.608785069615191,0.105702255672312,0.401608648497459,0.815961490732922
"result.185","185",0.686,0.679114312197116,0.0485143955175574,0.584026096982703,0.774202527411528,0.683437683373614,0.0494870291320787,0.58644310627474,0.780432260472488
"result.186","186",0.686,0.629929534824785,0.0481613208008632,0.535533346055094,0.724325723594477,0.608863952684318,0.0500534711228469,0.510759149283538,0.706968756085098
"result.187","187",0.686,0.683693754456925,0.0512385966710295,0.583266104981708,0.784121403932143,0.67761259880331,0.0525374089366922,0.574639277287393,0.780585920319226
"result.188","188",0.686,0.686349899128596,0.048715044513489,0.590868411882158,0.781831386375035,0.678987057888523,0.0495218147783518,0.581924300922953,0.776049814854092
"result.189","189",0.686,0.684938434925493,0.049012337326006,0.588874253766521,0.781002616084465,0.673591112321348,0.0496690973576,0.576239681500452,0.770942543142244
"result.190","190",0.686,0.752168679381029,0.0568281213349995,0.64078556156443,0.863551797197628,0.683422377200204,0.0637930409038841,0.558388017028592,0.808456737371817
"result.191","191",0.686,0.699010550034615,0.0501984208292682,0.600621645209249,0.797399454859981,0.654553002399604,0.0529585581780843,0.550754228370559,0.758351776428649
"result.192","192",0.686,0.639629513436772,0.0475469580718463,0.546437475615953,0.73282155125759,0.633030981053419,0.0490587275494418,0.536875875056513,0.729186087050325
"result.193","193",0.686,0.650837972817939,0.0504767862390097,0.55190347178948,0.749772473846398,0.663593168655571,0.0521785228326502,0.561323263903577,0.765863073407565
"result.194","194",0.686,0.703614253820213,0.0489009420018557,0.607768407496576,0.79946010014385,0.719649446555411,0.0501416409485962,0.621371830296162,0.81792706281466
"result.195","195",0.686,0.758366410322812,0.150733988596411,0.462927792673846,1.05380502797178,1.26798416132841,0.659879745509874,-0.0253801398709441,2.56134846252776
"result.196","196",0.686,0.725658032101882,0.055713286776613,0.616459990019721,0.834856074184044,0.690274462420001,0.0520085651692686,0.588337674688235,0.792211250151768
"result.197","197",0.686,0.719101516137807,0.0563092820509022,0.608735323318039,0.829467708957576,0.69868611255614,0.0605919721150006,0.579925847210739,0.817446377901542
"result.198","198",0.686,0.66100085785077,0.0476012744239306,0.567702359979866,0.754299355721674,0.655418399922774,0.0480895223044095,0.561162936206131,0.749673863639416
"result.199","199",0.686,0.645652619553674,0.0479417249671239,0.551686838618111,0.739618400489237,0.644245315066561,0.0482150620282485,0.549743793491194,0.738746836641928
"result.200","200",0.686,0.65362688742861,0.048246075667377,0.559064579120551,0.748189195736669,0.632566684659299,0.0510426284210647,0.532523132954012,0.732610236364586
"result.201","201",0.686,0.608248193983221,0.0480438335398558,0.514082280245104,0.702414107721339,0.600851131653092,0.0485445432602106,0.505703826863079,0.695998436443105
"result.202","202",0.686,0.642381343783519,0.0490284700020774,0.546285542579448,0.738477144987591,0.625932332134719,0.0715818449262527,0.485631916079264,0.766232748190174
"result.203","203",0.686,0.626426937683443,0.0478305295088794,0.532679099846039,0.720174775520846,0.591419339298096,0.0483863018045978,0.496582187761084,0.686256490835108
"result.204","204",0.686,0.633217083057991,0.0469782722417042,0.541139669464251,0.725294496651731,0.61400744627042,0.0480898606500411,0.51975131939634,0.708263573144501
"result.205","205",0.686,0.687595013231569,0.0483289937467008,0.592870185488035,0.782319840975102,0.712851855817376,0.0494996588342749,0.615832524502197,0.809871187132555
"result.206","206",0.686,0.690678318100938,0.0493661052479029,0.593920751815048,0.787435884386828,0.682144745562699,0.0499616294687845,0.584219951803882,0.780069539321517
"result.207","207",0.686,0.672971849473063,0.0483577512447164,0.578190657033419,0.767753041912707,0.682161886432503,0.0494524797828831,0.585235026058053,0.779088746806954
"result.208","208",0.686,0.59285241700127,0.045277595058069,0.504108330687455,0.681596503315085,0.565005149547741,0.0465869075521198,0.473694810745586,0.656315488349896
"result.209","209",0.686,0.613937182460345,0.0473509973868078,0.521129227582202,0.706745137338489,0.616007298905562,0.0494102703676208,0.519163168985026,0.712851428826099
"result.210","210",0.686,0.550889071216266,0.0441216508492403,0.464410635551755,0.637367506880777,0.553656360083142,0.0457456032497325,0.463994977713666,0.643317742452618
"result.211","211",0.686,0.682068401469401,0.0516814159090145,0.580772826287733,0.78336397665107,0.705307105302986,0.0610365657983905,0.585675436338141,0.824938774267832
"result.212","212",0.686,0.631839647880335,0.0478817553794557,0.537991407336602,0.725687888424068,0.616513207981206,0.0481165273567056,0.522204814362063,0.710821601600349
"result.213","213",0.686,0.740954261469056,0.0520147788769107,0.639005294870311,0.842903228067801,0.73892919653446,0.0531192716212224,0.634815424156864,0.843042968912056
"result.214","214",0.686,0.690866242849359,0.0555945315770058,0.581900960958427,0.79983152474029,0.648981849385214,0.0588422157829468,0.533651106450638,0.764312592319789
"result.215","215",0.686,0.720483546876238,0.0499436385266022,0.622594015364098,0.818373078388378,0.715369220570427,0.0508220077079851,0.615758085462776,0.814980355678078
"result.216","216",0.686,0.587024162287053,0.0443615831295028,0.500075459353227,0.673972865220878,0.603022421340303,0.0463680833736085,0.512140977928031,0.693903864752576
"result.217","217",0.686,0.606086074061743,0.0480256008648792,0.511955896366579,0.700216251756906,0.603206669764841,0.048227670023435,0.508680436518909,0.697732903010774
"result.218","218",0.686,0.685149589541234,0.0492956325618518,0.588530149720004,0.781769029362463,0.6834211488541,0.0508882344517993,0.583680209328573,0.783162088379626
"result.219","219",0.686,0.637906248417498,0.0498324737683719,0.540234599831489,0.735577897003507,0.62455723068863,0.0511078439956648,0.524385856457127,0.724728604920133
"result.220","220",0.686,0.630736392017386,0.0507106278500279,0.531343561431331,0.730129222603441,0.578314598385962,0.0907665767565391,0.400412107943146,0.756217088828779
"result.221","221",0.686,0.670211075735734,0.0485053126837254,0.575140662875632,0.765281488595835,0.692607765204135,0.0513776855696559,0.591907501487609,0.793308028920661
"result.222","222",0.686,0.644262977292441,0.0487867971705468,0.548640854838169,0.739885099746713,0.645341713789336,0.0489504074048874,0.549398915275757,0.741284512302915
"result.223","223",0.686,0.634211448781501,0.0477301475471948,0.540660359588999,0.727762537974003,0.610314665310102,0.0494687605286465,0.513355894673955,0.707273435946249
"result.224","224",0.686,0.63884839563155,0.0471683254628959,0.546398477724274,0.731298313538826,0.635702912862023,0.0488600670575738,0.539937181429178,0.731468644294868
"result.225","225",0.686,0.652133487697932,0.0470734256032247,0.559869573515611,0.744397401880252,0.641380612308746,0.0473580172107259,0.548558898575723,0.734202326041769
"result.226","226",0.686,0.713824372362677,0.0526864943710668,0.610558843395386,0.817089901329968,0.682971860249607,0.0546081226933283,0.575939939770684,0.790003780728531
"result.227","227",0.686,0.658046769902922,0.0475907639822779,0.564768872497658,0.751324667308187,0.658289788444411,0.0497078346673098,0.560862432496484,0.755717144392339
"result.228","228",0.686,0.674956124395688,0.0491783669416899,0.578566525189975,0.7713457236014,0.665146649250395,0.0494760177623699,0.56817365443615,0.76211964406464
"result.229","229",0.686,0.558269935802605,0.0464987017199025,0.467132480431596,0.649407391173613,0.548353874031043,0.046916298143437,0.456397929669906,0.64030981839218
"result.230","230",0.686,0.621632600152854,0.0478144809378979,0.527916217514574,0.715348982791134,0.606984710285177,0.0496114712072589,0.50974622671895,0.704223193851405
"result.231","231",0.686,0.749207600580406,0.0578049823540516,0.635909835166465,0.862505365994347,0.646448721292153,0.0623876654182111,0.524168897072459,0.768728545511847
"result.232","232",0.686,0.682250515439208,0.0483205378174332,0.587542261317039,0.776958769561377,0.698960861773063,0.0488579046806175,0.603199368599053,0.794722354947074
"result.233","233",0.686,0.746489258166791,0.049329503192875,0.649803431908756,0.843175084424826,0.754024701402552,0.0501341506970535,0.655761766036327,0.852287636768776
"result.234","234",0.686,0.628328238991854,0.0478011148534113,0.534638053879168,0.72201842410454,0.617959808102153,0.0507265660349912,0.518535738673571,0.717383877530736
"result.235","235",0.686,0.667966128553127,0.0483732264829008,0.573154604646642,0.762777652459613,0.657942215717962,0.0507775084658888,0.55841829912482,0.757466132311104
"result.236","236",0.686,0.638715196973544,0.0483904262939657,0.543869961437371,0.733560432509717,0.636375011038769,0.0519974742245814,0.534459961558589,0.738290060518949
"result.237","237",0.686,0.695506915940561,0.052707907829021,0.592199416595679,0.798814415285442,0.709135678797949,0.0546243157395245,0.602072019948481,0.816199337647417
"result.238","238",0.686,0.548904132651942,0.0435734682503537,0.463500134881249,0.634308130422635,0.552682584565196,0.0451412456139621,0.46420574316183,0.641159425968562
"result.239","239",0.686,0.638254510361428,0.0481424217201414,0.543895363789951,0.732613656932905,0.652307754465533,0.0482964156428467,0.557646779805554,0.746968729125513
"result.240","240",0.686,0.617392064048795,0.0462923498120055,0.526659058417264,0.708125069680325,0.601865704545764,0.0473010811628819,0.509155585466515,0.694575823625012
"result.241","241",0.686,0.615205458295529,0.04665892198091,0.523753971212945,0.706656945378113,0.616243528813263,0.0475688483502048,0.523008586046861,0.709478471579664
"result.242","242",0.686,0.604154354965812,0.048011765063682,0.510051295440996,0.698257414490629,0.611548309053725,0.0494633174242132,0.514600206902267,0.708496411205183
"result.243","243",0.686,0.675896283697647,0.049430062034014,0.57901336211098,0.772779205284314,0.675555977579225,0.05014507659393,0.577271627455123,0.773840327703328
"result.244","244",0.686,0.75562173846133,0.0518510513729298,0.653993677770387,0.857249799152272,0.761454105515652,0.0525360501455469,0.65848344723038,0.864424763800924
"result.245","245",0.686,0.806258475273385,0.0566334600235501,0.695256893627227,0.917260056919543,0.817595189919081,0.0576113247610385,0.704676993387445,0.930513386450716
"result.246","246",0.686,0.721337980853479,0.050938352787324,0.621498809390324,0.821177152316634,0.713910986861239,0.0515618803473767,0.61284970138038,0.814972272342097
"result.247","247",0.686,0.626633772940178,0.0467125292824564,0.535077215546564,0.718190330333793,0.617337222290818,0.0480166133606242,0.523224660103995,0.711449784477642
"result.248","248",0.686,0.707764432901235,0.0843256780474849,0.542486103928164,0.873042761874305,0.867211674006976,0.244279293767705,0.388424258222274,1.34599908979168
"result.249","249",0.686,0.627787671780471,0.0525078656598041,0.524872255087255,0.730703088473687,0.559303791250993,0.078461029320492,0.405520173782829,0.713087408719158
"result.250","250",0.686,0.742021792096533,0.0519898141402345,0.640121756381673,0.843921827811393,0.741569536403373,0.0523450626812599,0.638973213548103,0.844165859258642
"result.251","251",0.686,0.722947858270356,0.0533040070597503,0.618472004433246,0.827423712107467,0.768041609636264,0.111932599479307,0.548653714656822,0.987429504615706
"result.252","252",0.686,0.548281992233783,0.0464531715271142,0.457233776040639,0.639330208426927,0.500741103543066,0.0489881163994347,0.404724395400174,0.596757811685958
"result.253","253",0.686,0.684748579637509,0.0496802651395617,0.587375259963968,0.78212189931105,0.678951767462133,0.0509660224927651,0.579058363376314,0.778845171547953
"result.254","254",0.686,0.727980483434084,0.0549171219229264,0.620342924465148,0.835618042403019,0.556827971820506,0.123425543278827,0.314913906994005,0.798742036647007
"result.255","255",0.686,0.623542873594063,0.0462085297939527,0.532974155197916,0.71411159199021,0.624082647061539,0.0470454207526953,0.531873622386257,0.716291671736822
"result.256","256",0.686,0.6861732071766,0.0474104712765541,0.593248683474554,0.779097730878646,0.69641393011139,0.0481384600973685,0.602062548320548,0.790765311902232
"result.257","257",0.686,0.654415694061042,0.0479456303655257,0.560442258544611,0.748389129577472,0.667089052725053,0.0496450785189785,0.569784698827855,0.764393406622251
"result.258","258",0.686,0.662828209344238,0.0482896711581574,0.568180453874249,0.757475964814226,0.641894536792432,0.0503118830461387,0.543283246022001,0.740505827562864
"result.259","259",0.686,0.684912387791279,0.0497277295808898,0.587446037812735,0.782378737769823,0.682434388209969,0.051061004544414,0.582354819302917,0.78251395711702
"result.260","260",0.686,0.696447224948789,0.0636158963801533,0.571760068043688,0.82113438185389,0.608915591448487,0.0530455060263579,0.504946399636825,0.712884783260148
"result.261","261",0.686,0.705548836006721,0.0497106284596401,0.608116004225826,0.802981667787616,0.709768168683766,0.05095023873238,0.609905700768302,0.809630636599231
"result.262","262",0.686,0.615881985028495,0.0468836913409832,0.523989950000167,0.707774020056822,0.591635176245848,0.0485552411935738,0.496466903506443,0.686803448985252
"result.263","263",0.686,0.6642749075793,0.0481805762280454,0.569840978172331,0.758708836986269,0.658739383330092,0.0489631506451942,0.562771608065511,0.754707158594673
"result.264","264",0.686,0.68243412780114,0.0506132085529971,0.583232239037265,0.781636016565014,0.696551939966439,0.0523137855788775,0.594016920231839,0.799086959701039
"result.265","265",0.686,0.580939898997834,0.047807973419315,0.487236271095976,0.674643526899691,0.564336931982904,0.0494414191454407,0.46743175045784,0.661242113507968
"result.266","266",0.686,0.684018238681343,0.0511900530607509,0.583685734682271,0.784350742680415,0.388312271869575,0.175431622701744,0.0444662913741573,0.732158252364994
"result.267","267",0.686,0.668797179894084,0.0497109993939393,0.571363621081963,0.766230738706206,0.711588738257923,0.0518479066017398,0.609966841318513,0.813210635197333
"result.268","268",0.686,0.636507153723525,0.0482023018746052,0.542030642049298,0.730983665397751,0.608522028678581,0.0483241724098361,0.513806650755302,0.70323740660186
"result.269","269",0.686,0.704867810652622,0.0507778662053952,0.605343192890048,0.804392428415197,0.68371727954934,0.0518439456108648,0.582103146152045,0.785331412946635
"result.270","270",0.686,0.658629692790902,0.0499052554953578,0.560815392020001,0.756443993561803,0.660852809081255,0.0505533049257358,0.561768331426813,0.759937286735697
"result.271","271",0.686,0.677413538717787,0.0508757250479666,0.577697117623773,0.777129959811801,0.671743611382581,0.0534574389579732,0.566967031024954,0.776520191740209
"result.272","272",0.686,0.715976541865048,0.0507811251816892,0.616445536508937,0.815507547221159,0.677902997983675,0.0522320093358507,0.575528259685408,0.780277736281943
"result.273","273",0.686,0.646381803963197,0.0460230311743935,0.556176662861386,0.736586945065008,0.655169613248397,0.0471596006340292,0.5627367960057,0.747602430491094
"result.274","274",0.686,0.700533427279727,0.0477391120236038,0.606964767713464,0.794102086845991,0.699507546327547,0.0489852430290824,0.603496469990546,0.795518622664548
"result.275","275",0.686,0.750524776900363,0.0604825861774117,0.631978907992636,0.86907064580809,0.682301925737526,0.0581463197527448,0.568335139022147,0.796268712452906
"result.276","276",0.686,0.86745215228187,0.0558853673676901,0.757916832241197,0.976987472322543,0.872195693456417,0.05737710181232,0.75973657390427,0.984654813008564
"result.277","277",0.686,0.667690600958457,0.0487630876809156,0.572114949103862,0.763266252813051,0.65801590548498,0.0506882480733424,0.558666939261229,0.757364871708731
"result.278","278",0.686,0.632434483620018,0.0461529476741484,0.541974706178687,0.722894261061349,0.629707500796894,0.0481174760598428,0.535397247719602,0.724017753874186
"result.279","279",0.686,0.749119469086704,0.0535330363370585,0.64419471786607,0.854044220307339,0.722038528944917,0.0543004359478001,0.615609674487229,0.828467383402605
"result.280","280",0.686,0.697979352391421,0.0503036671961292,0.599384164687008,0.796574540095834,0.667378676986001,0.0527937409084841,0.563902944805372,0.77085440916663
"result.281","281",0.686,0.662111259777108,0.050198209347071,0.563722769456849,0.760499750097367,0.652732491986469,0.0506757066093981,0.553408107032048,0.752056876940889
"result.282","282",0.686,0.697063256966078,0.0512062273185712,0.596699051421678,0.797427462510477,0.664035808829452,0.0557968093112304,0.55467406257944,0.773397555079463
"result.283","283",0.686,0.642940109339516,0.0498941487308584,0.545147577827034,0.740732640851999,0.634695240366866,0.0509840194689674,0.53476656220769,0.734623918526042
"result.284","284",0.686,0.676762619816502,0.0505854397752058,0.577615157857098,0.775910081775905,0.673704224924176,0.0522586663382159,0.571277238901272,0.776131210947079
"result.285","285",0.686,0.610560329343201,0.044665722062532,0.523015514100638,0.698105144585763,0.616679473283332,0.0452815766122696,0.527927583123283,0.70543136344338
"result.286","286",0.686,0.651750141775614,0.0466991472477237,0.560219813170076,0.743280470381152,0.642911614070407,0.04708339644729,0.550628157033718,0.735195071107095
"result.287","287",0.686,0.740155346908833,0.0752534374439353,0.59265860951872,0.887652084298947,0.774852032093221,0.107096666683654,0.56494256539326,0.984761498793182
"result.288","288",0.686,0.668048116830231,0.0481912900572747,0.573593188317972,0.762503045342489,0.662059289827806,0.0495952338947576,0.564852631394081,0.75926594826153
"result.289","289",0.686,0.683181980194303,0.0487292260405177,0.587672697154888,0.778691263233718,0.684437218693777,0.0505649489785533,0.585329918695812,0.783544518691741
"result.290","290",0.686,0.647298575934425,0.0478861446777078,0.553441732366118,0.741155419502733,0.649942396061993,0.0479633241277705,0.555934280771562,0.743950511352423
"result.291","291",0.686,0.637432537885689,0.0493482963171222,0.54070987710413,0.734155198667249,0.597571377107426,0.0487843598816605,0.501954031739371,0.693188722475481
"result.292","292",0.686,0.683814929368521,0.0481633944802451,0.58941467618724,0.778215182549801,0.702320094776402,0.0491935536339918,0.605900729653779,0.798739459899026
"result.293","293",0.686,0.609174870321398,0.045418260821041,0.520155079112157,0.698194661530638,0.610404476191971,0.0475062907008671,0.517292146418271,0.703516805965671
"result.294","294",0.686,0.639964388911057,0.0478152413623735,0.546246515840805,0.733682261981309,0.646747503464058,0.0495031720804782,0.549721286186321,0.743773720741795
"result.295","295",0.686,0.69692078786389,0.0491972443716856,0.600494188895386,0.793347386832394,0.701044424505183,0.050040451757902,0.602965139059695,0.799123709950671
"result.296","296",0.686,0.745013055752894,0.0506942057170012,0.645652412547572,0.844373698958216,0.734913124856156,0.051982218943119,0.633027975727643,0.836798273984669
"result.297","297",0.686,0.676080510965031,0.0461411564150665,0.585643844391501,0.766517177538561,0.668807913443165,0.0477606914686355,0.575196958164639,0.762418868721691
"result.298","298",0.686,0.627153572380611,0.0485105280092317,0.532072937482516,0.722234207278705,0.643751521272652,0.0504304679060383,0.544907804176817,0.742595238368487
"result.299","299",0.686,0.68540390828763,0.0506195206826178,0.586189647749699,0.784618168825561,0.673745230942652,0.0507862022155797,0.574204274600115,0.773286187285188
"result.300","300",0.686,0.673531902152529,0.0468040123126199,0.581796038019794,0.765267766285264,0.67766901906623,0.0475483518712879,0.584474249398506,0.770863788733954
"result.301","301",0.686,0.63528412698546,0.0460995776454114,0.544928954800454,0.725639299170467,0.635214595913167,0.0473715050024249,0.542366446108414,0.72806274571792
"result.302","302",0.686,0.685631308600024,0.0514992904900814,0.584692699239464,0.786569917960584,0.654511863551554,0.0531160115058455,0.550404481000097,0.758619246103011
"result.303","303",0.686,0.791710335501267,0.0554205325077596,0.683086091786059,0.900334579216476,0.820651517300016,0.0569434467082439,0.709042361751858,0.932260672848174
"result.304","304",0.686,0.654453040198206,0.0507398967924579,0.555002842484989,0.753903237911424,0.628962507370508,0.0501665364004096,0.530636096025705,0.727288918715311
"result.305","305",0.686,0.582247811926361,0.0446163512648661,0.494799763447223,0.669695860405498,0.597212253509768,0.0474777767570707,0.50415581106591,0.690268695953627
"result.306","306",0.686,0.640129989153916,0.0501538620423637,0.541828419550883,0.738431558756949,0.635163527083673,0.0507328698738044,0.535727102131016,0.734599952036329
"result.307","307",0.686,0.878234982293903,0.0963325906758936,0.689423104569151,1.06704686001865,0.627479396441538,0.0890414231886662,0.452958206991752,0.802000585891324
"result.308","308",0.686,0.579391902535878,0.046138357929537,0.488960720993985,0.66982308407777,0.583584919576974,0.048304455317258,0.488908187155148,0.6782616519988
"result.309","309",0.686,0.672484166710871,0.0489773847593224,0.576488492582599,0.768479840839143,0.666215079328331,0.0496373372969948,0.568925898226221,0.763504260430441
"result.310","310",0.686,0.646576251250958,0.0480330356941002,0.552431501290522,0.740721001211394,0.658277953274989,0.0514487546124296,0.557438394234627,0.759117512315351
"result.311","311",0.686,0.629799577054061,0.0477235572773991,0.536261404790358,0.723337749317763,0.640385106706145,0.0497650320573089,0.54284564387382,0.737924569538471
"result.312","312",0.686,0.774660242584641,0.0540115119389999,0.668797679184201,0.880522805985081,0.773624288913157,0.0545759251767382,0.66665547556675,0.880593102259564
"result.313","313",0.686,0.622213575609792,0.0470615559503347,0.529972925947136,0.714454225272448,0.618734924074158,0.0479496591744377,0.52475359209226,0.712716256056055
"result.314","314",0.686,0.686686145612971,0.0478821801136289,0.592837072590259,0.780535218635684,0.678979229354397,0.0482836292958916,0.584343315934449,0.773615142774344
"result.315","315",0.686,0.617670068050878,0.0457375661710026,0.528024438355713,0.707315697746043,0.600916755734049,0.0457458960036018,0.511254799566989,0.690578711901108
"result.316","316",0.686,0.600547259171289,0.0458988756512747,0.51058546289479,0.690509055447787,0.601122084269516,0.0477285412496242,0.507574143420253,0.69467002511878
"result.317","317",0.686,0.691313257008767,0.0511585608382515,0.591042477765794,0.79158403625174,0.685941415299963,0.0526267433634438,0.582792998307613,0.789089832292313
"result.318","318",0.686,0.682957560167861,0.0502692759615582,0.584429779283207,0.781485341052516,0.672428091881921,0.0514786344732369,0.571529968314376,0.773326215449465
"result.319","319",0.686,0.680984753448307,0.0487192019881314,0.585495117551569,0.776474389345044,0.697883630579384,0.0489167247620622,0.602006850045743,0.793760411113026
"result.320","320",0.686,0.682107261143477,0.0498312356014405,0.584438039364654,0.7797764829223,0.687960953003145,0.0516523085818598,0.586722428182699,0.78919947782359
"result.321","321",0.686,0.777174825395593,0.103224553940686,0.574854699671849,0.979494951119337,0.667702996106468,0.0543251324119526,0.561225736579041,0.774180255633895
"result.322","322",0.686,0.626857393591072,0.0498911810906862,0.529070678653327,0.724644108528817,0.619034983193751,0.0519014428360384,0.517308155235116,0.720761811152386
"result.323","323",0.686,0.667557530763035,0.0511062991756767,0.567389184378708,0.767725877147361,0.636494006134207,0.053707661341492,0.531226989904882,0.741761022363531
"result.324","324",0.686,0.747040333096307,0.0522133657569298,0.644702136212725,0.84937852997989,0.73130494783164,0.0563531299458503,0.620852813137773,0.841757082525506
"result.325","325",0.686,0.751883718885529,0.0532447426441471,0.647524023303001,0.856243414468058,0.741494224215772,0.0535052759625218,0.636623883329229,0.846364565102315
"result.326","326",0.686,0.714874980746908,0.0500226561642227,0.616830574665032,0.812919386828785,0.703673596283553,0.0505041791194455,0.60468540520944,0.802661787357666
"result.327","327",0.686,0.714155332781698,0.0515543239701966,0.613108857800113,0.815201807763284,0.674521542022131,0.0597385941607578,0.557433897467046,0.791609186577217
"result.328","328",0.686,0.720903583046606,0.0488718322026656,0.625114791929381,0.81669237416383,0.742633289620786,0.050149850932371,0.644339581793339,0.840926997448234
"result.329","329",0.686,0.623812704850879,0.0479555494457805,0.52981982793715,0.717805581764609,0.622456174340089,0.0497464715890217,0.524953090025607,0.719959258654572
"result.330","330",0.686,0.641158759089363,0.0493893878624187,0.544355558879023,0.737961959299704,0.626242877642177,0.0509572095373066,0.526366746949056,0.726119008335298
"result.331","331",0.686,0.683207737726644,0.048597931648637,0.587955791695315,0.778459683757973,0.687784136019359,0.0491538400532734,0.591442609514943,0.784125662523775
"result.332","332",0.686,0.706648831518603,0.0497745696929869,0.609090674920349,0.804206988116857,0.706952103776221,0.0511580461379018,0.606682333345933,0.807221874206508
"result.333","333",0.686,0.70708866985984,0.0518263463794716,0.605509030956075,0.808668308763604,0.667821407036779,0.051385173227437,0.567106467511002,0.768536346562555
"result.334","334",0.686,0.675405321221729,0.049260050396084,0.578855622445404,0.771955019998053,0.587307375733694,0.0584552077882722,0.47273516846868,0.701879582998707
"result.335","335",0.686,0.706592732738528,0.0513930939806062,0.60586226853654,0.807323196940517,0.713924502904633,0.0514565484277728,0.613069667986198,0.814779337823068
"result.336","336",0.686,0.62969052662758,0.0471851089690581,0.537207713048226,0.722173340206934,0.613163120394517,0.0479995837387076,0.51908393626665,0.707242304522384
"result.337","337",0.686,0.710167872611487,0.0485262667836371,0.615056389715558,0.805279355507415,0.702955962784235,0.0498544705179313,0.605241200569089,0.80067072499938
"result.338","338",0.686,0.634902718687279,0.0469386835939061,0.542902898843223,0.726902538531335,0.658825553487486,0.050896912251159,0.559067605475214,0.758583501499757
"result.339","339",0.686,0.651710569121046,0.0482808159502959,0.557080169858466,0.746340968383626,0.633529820392187,0.0494618635789796,0.536584567777387,0.730475073006987
"result.340","340",0.686,0.669989518728727,0.0489552939851313,0.57403714251787,0.765941894939585,0.675890033094336,0.0493772729150012,0.579110578180934,0.772669488007739
"result.341","341",0.686,0.668942106660603,0.0482212062548816,0.574428542401036,0.763455670920171,0.691166649143189,0.0497538770050259,0.593649050213339,0.78868424807304
"result.342","342",0.686,0.642657749935252,0.0473128561980436,0.549924551787087,0.735390948083418,0.6296291139406,0.0480984503197986,0.535356151313795,0.723902076567405
"result.343","343",0.686,0.699980142891883,0.0643395762983733,0.573874573347071,0.826085712436694,0.634070387826446,0.0497497280368953,0.536560920874131,0.731579854778761
"result.344","344",0.686,0.670457674612852,0.049309590622619,0.573810876992519,0.767104472233185,0.675851155470386,0.0506646943952569,0.576548354455682,0.775153956485089
"result.345","345",0.686,0.764799598277398,0.0536176090425009,0.659709084554096,0.8698901120007,0.726732933311927,0.0549533077550301,0.619024450112068,0.834441416511786
"result.346","346",0.686,0.576718762332867,0.046208867999557,0.486149381053735,0.667288143611999,0.575719355936484,0.0468267575912216,0.48393891105769,0.667499800815278
"result.347","347",0.686,0.652047603758655,0.0468247850110402,0.560271025137016,0.743824182380294,0.64060963735175,0.0470737188563636,0.548345148393278,0.732874126310223
"result.348","348",0.686,0.685702954965813,0.0636335405814196,0.560981215426231,0.810424694505396,0.597713957669738,0.049216630150041,0.501249362575657,0.694178552763818
"result.349","349",0.686,0.604511030345233,0.0476924413227895,0.511033845352566,0.697988215337901,0.604456514846021,0.0489547385632385,0.508505227262073,0.700407802429968
"result.350","350",0.686,0.67047091361809,0.0487082783966786,0.5750026879606,0.76593913927558,0.677880549446632,0.049564298297475,0.580734524783581,0.775026574109683
"result.351","351",0.686,0.71725813185272,0.0502224381146854,0.618822153147937,0.815694110557504,0.703130797222369,0.0520038176101964,0.601203314706384,0.805058279738355
"result.352","352",0.686,0.662669064445727,0.0489497075616417,0.56672763762491,0.758610491266545,0.661027855941273,0.0494567366715245,0.564092652065085,0.757963059817462
"result.353","353",0.686,0.634541569540469,0.0483918809200905,0.539693482937091,0.729389656143846,0.641076883591212,0.0490235913282642,0.544990644587814,0.737163122594609
"result.354","354",0.686,0.606656610093229,0.0488964085854106,0.510819649265825,0.702493570920634,0.619555156832968,0.0467544612858116,0.527916412712777,0.711193900953158
"result.355","355",0.686,0.701823934521473,0.0497063628054772,0.604399463422737,0.799248405620208,0.68447622852793,0.0501130530275024,0.586254644594026,0.782697812461835
"result.356","356",0.686,0.621529138627977,0.0448797391345403,0.533564849924278,0.709493427331676,0.607256695530799,0.0460272343464447,0.517043316211768,0.697470074849831
"result.357","357",0.686,0.673845826639194,0.0484411103660014,0.578901250321831,0.768790402956557,0.673561317986321,0.049360541132413,0.576814657366791,0.77030797860585
"result.358","358",0.686,0.676928322037817,0.0496905771004362,0.579534790920962,0.774321853154672,0.645422016523855,0.0499373584422895,0.547544793976968,0.743299239070742
"result.359","359",0.686,0.618752028451118,0.0471631249080771,0.526312303631287,0.711191753270949,0.638276212516019,0.0485926858322629,0.543034548284783,0.733517876747254
"result.360","360",0.686,0.666764503416644,0.0492172566494223,0.570298680383776,0.763230326449511,0.669607680150538,0.0514478558533041,0.568769882678062,0.770445477623013
"result.361","361",0.686,0.612583839326594,0.0463419159145823,0.521753684134013,0.703413994519176,0.592268311394258,0.0471510630848893,0.499852227747875,0.684684395040641
"result.362","362",0.686,0.68275046215718,0.0494534789162195,0.58582164348139,0.77967928083297,0.688314891712349,0.0514232897709565,0.587525243761274,0.789104539663424
"result.363","363",0.686,0.628202844933878,0.0454002270944281,0.539218399828799,0.717187290038957,0.646873515872549,0.046740274831753,0.555262577202313,0.738484454542785
"result.364","364",0.686,0.687191287149085,0.0486451092143871,0.591846873088886,0.782535701209283,0.666389886812825,0.0503229042859354,0.567756994412392,0.765022779213259
"result.365","365",0.686,0.624725758194304,0.0504447186332241,0.525854109673185,0.723597406715423,0.626920343548224,0.0763012659936737,0.477369862200623,0.776470824895824
"result.366","366",0.686,0.709607813394534,0.0502631110981754,0.611092115642111,0.808123511146958,0.69711508880375,0.0521082071893047,0.594983002712712,0.799247174894787
"result.367","367",0.686,0.793456741218325,0.0601827352422626,0.675498580143491,0.91141490229316,0.755984586941289,0.0569458187018428,0.644370782285677,0.867598391596901
"result.368","368",0.686,0.675850795908341,0.0488083949522883,0.580186341801856,0.771515250014826,0.678332568656163,0.0502514292091589,0.579839767406211,0.776825369906114
"result.369","369",0.686,0.731696345285731,0.0846825740959445,0.565718500057679,0.897674190513782,0.629307521084014,0.0663237975031524,0.499312877977835,0.759302164190192
"result.370","370",0.686,0.758767196974101,0.0517750930300125,0.657288014635276,0.860246379312925,0.756572673561741,0.0527009145377192,0.653278881067812,0.859866466055671
"result.371","371",0.686,0.649722311492725,0.0478535778669443,0.555929298873514,0.743515324111935,0.629961225312813,0.0493232402641706,0.533287674395039,0.726634776230588
"result.372","372",0.686,0.649417220945901,0.0491301733159876,0.553122081246565,0.745712360645237,0.661652717189292,0.0506585117843644,0.562362034091938,0.760943400286646
"result.373","373",0.686,0.670802103892075,0.0493329593607816,0.574109503544943,0.767494704239207,0.637674408403774,0.0495276999436144,0.54060011651429,0.734748700293258
"result.374","374",0.686,0.643459420632427,0.0473189564292599,0.550714266031078,0.736204575233777,0.642589265979753,0.0481980529035293,0.548121082288835,0.73705744967067
"result.375","375",0.686,0.629075208145157,0.0502923960598636,0.530502111867825,0.72764830442249,0.632420898537931,0.0511938537730768,0.5320809451427,0.732760851933161
"result.376","376",0.686,0.676480313601229,0.0475796704343628,0.583224159549878,0.76973646765258,0.655154972060619,0.0482405913202678,0.560603413072894,0.749706531048344
"result.377","377",0.686,0.580251892473767,0.0470762425636176,0.487982457049076,0.672521327898457,0.57265534125988,0.0495461819601282,0.475544824618029,0.669765857901731
"result.378","378",0.686,0.590060917342167,0.0449142577083387,0.502028972233824,0.678092862450511,0.586289117100406,0.0463824616510906,0.495379492264268,0.677198741936544
"result.379","379",0.686,0.602288901866023,0.0469272195145041,0.510311551617595,0.694266252114451,0.576285215751086,0.0483002587477691,0.481616708605459,0.670953722896714
"result.380","380",0.686,0.71480254867599,0.0515274260141761,0.613808793688205,0.815796303663775,0.712991651767777,0.0524013237333639,0.610285057250384,0.81569824628517
"result.381","381",0.686,0.706085956348182,0.051898883790801,0.604364144118212,0.807807768578152,0.703058642474885,0.0530674455131801,0.599046449269052,0.807070835680718
"result.382","382",0.686,0.658609033255721,0.0485758391656452,0.563400388491056,0.753817678020386,0.66834377683795,0.0494534659923435,0.571414983492957,0.765272570182944
"result.383","383",0.686,0.657774570329458,0.0499105528791361,0.559949886686351,0.755599253972565,0.656674278060183,0.0505805263008306,0.557536446510555,0.755812109609811
"result.384","384",0.686,0.684681657535089,0.0497893088919867,0.587094612106795,0.782268702963383,0.690476401649216,0.0512392106568823,0.590047548761727,0.790905254536706
"result.385","385",0.686,0.645048136937427,0.0453746145403845,0.556113892438273,0.73398238143658,0.654926341990329,0.0464269148879047,0.563929588810036,0.745923095170622
"result.386","386",0.686,0.722129643934716,0.0535093999322739,0.617251220067459,0.827008067801973,0.722840051239132,0.0535066504300303,0.617967016396273,0.827713086081992
"result.387","387",0.686,0.618636345115846,0.0489756536160303,0.522644064028427,0.714628626203266,0.618639028316466,0.0503214194449705,0.520009046204324,0.717269010428608
"result.388","388",0.686,0.640754303009578,0.0474072697577921,0.547836054284305,0.733672551734851,0.652888602586235,0.0489490726315782,0.556948420228342,0.748828784944128
"result.389","389",0.686,0.670025115243729,0.0495050920210193,0.572995134882531,0.767055095604926,0.655285175832599,0.0501509529936211,0.556989307965101,0.753581043700096
"result.390","390",0.686,0.673478261775235,0.0497620640447129,0.575944616247598,0.771011907302872,0.663428867337635,0.0504412338223235,0.564564049045881,0.762293685629389
"result.391","391",0.686,0.721259502879348,0.0536688747747912,0.616068508320757,0.826450497437939,0.697243885102722,0.0547793747285586,0.589876310634747,0.804611459570697
"result.392","392",0.686,0.685335226419846,0.0497428989019589,0.587839144572007,0.782831308267686,0.703143988980614,0.051844620749191,0.6015285323122,0.804759445649028
"result.393","393",0.686,0.75652123040119,0.0524722297738035,0.653675660044535,0.859366800757844,0.737022361712946,0.0523285948382741,0.634458315829929,0.839586407595963
"result.394","394",0.686,0.72653898717237,0.0514110732408845,0.625773283620236,0.827304690724503,0.724915810213579,0.0531302424817289,0.62078053494939,0.829051085477768
"result.395","395",0.686,0.685999534350838,0.0470860541644817,0.593710868188454,0.778288200513223,0.676433355804651,0.0479783728637879,0.582395744991626,0.770470966617675
"result.396","396",0.686,0.675819090462569,0.0480070560215709,0.58172526066029,0.769912920264848,0.665174983995952,0.0494161578546474,0.568319314600843,0.762030653391061
"result.397","397",0.686,0.610462556604851,0.0465009090863036,0.519320774795695,0.701604338414006,0.594411784314208,0.0471092644625086,0.502077625967691,0.686745942660725
"result.398","398",0.686,0.68209675762368,0.0509676729203412,0.582200118699811,0.781993396547549,0.67012655307998,0.0518988510917344,0.568404804940181,0.771848301219779
"result.399","399",0.686,0.639149033422766,0.0473062700204393,0.546428744182705,0.731869322662827,0.605815342459842,0.048332739439319,0.511083173158777,0.700547511760907
"result.400","400",0.686,0.657160991070466,0.047250799377718,0.564549424290139,0.749772557850793,0.649199656409962,0.0482179734761889,0.554692428396632,0.743706884423293
"result.401","401",0.686,0.699905513562261,0.0495549041243177,0.602777901478599,0.797033125645924,0.698252469981778,0.0498361300713917,0.600573655041851,0.795931284921706
"result.402","402",0.686,0.657342371322375,0.0500570593733697,0.559230534950571,0.75545420769418,0.641052941570622,0.0515464916645608,0.540021817908083,0.742084065233161
"result.403","403",0.686,0.583977644349167,0.0476861227710925,0.490512843717826,0.677442444980508,0.579624037411183,0.0485266402531277,0.484511822515053,0.674736252307313
"result.404","404",0.686,0.696585705351056,0.0500294959180023,0.598527893351772,0.794643517350341,0.712941651671745,0.050951646171368,0.613076425175864,0.812806878167626
"result.405","405",0.686,0.777069316201186,0.051924221593524,0.675297841877879,0.878840790524493,0.762119335013773,0.0526098958813915,0.659003939086246,0.865234730941301
"result.406","406",0.686,0.779778792627595,0.0549973742892258,0.671983939020713,0.887573646234478,0.762553705986495,0.0555051844715965,0.653763544422166,0.871343867550824
"result.407","407",0.686,0.616235996222349,0.0478925303031999,0.522366636828078,0.710105355616621,0.600588078748181,0.0504768059617624,0.501653539063126,0.699522618433235
"result.408","408",0.686,0.691653885638049,0.0497833081452972,0.594078601673266,0.789229169602831,0.693431005342068,0.0510401823009342,0.593392248032237,0.793469762651899
"result.409","409",0.686,0.622088143926073,0.0479078205239487,0.528188815699133,0.715987472153012,0.625617589321925,0.0491023091181199,0.52937706345041,0.72185811519344
"result.410","410",0.686,0.680333805551089,0.049677411102782,0.582966079789637,0.777701531312542,0.664759388266268,0.0524182422257019,0.562019633503893,0.767499143028644
"result.411","411",0.686,0.674333374515258,0.0497116725363742,0.576898496343965,0.771768252686552,0.67234031697345,0.0499357652287736,0.574466217125054,0.770214416821846
"result.412","412",0.686,0.743342817892342,0.0500825002002497,0.645181117499853,0.841504518284832,0.754254963464944,0.0516734295500284,0.652975041546888,0.855534885383
"result.413","413",0.686,0.671521840897117,0.0603173866764092,0.553299763011355,0.789743918782879,0.685428237557689,0.0722127582085737,0.543891231468885,0.826965243646494
"result.414","414",0.686,0.66745544246264,0.0482687804742968,0.572848632733018,0.762062252192262,0.639032995698051,0.0493964393620595,0.542215974548414,0.735850016847687
"result.415","415",0.686,0.628675774097684,0.0491951546051547,0.532253271071581,0.725098277123787,0.601344579616242,0.048468890867925,0.506345553515109,0.696343605717375
"result.416","416",0.686,0.625180771494866,0.0463971446317332,0.534242368016669,0.716119174973063,0.630484771524259,0.0477650447277247,0.536865283857919,0.7241042591906
"result.417","417",0.686,0.619559570698286,0.046414420745345,0.52858730603741,0.710531835359162,0.587353617011054,0.0474175924088733,0.494415135889662,0.680292098132446
"result.418","418",0.686,0.715585446893085,0.0521889521953467,0.613295100590205,0.817875793195964,0.728897207462716,0.0528225560279241,0.625364997647985,0.832429417277447
"result.419","419",0.686,0.666459967137471,0.0496897148029839,0.569068126123623,0.763851808151319,0.671215023903724,0.0509571755884655,0.571338959750331,0.771091088057116
"result.420","420",0.686,0.705717673270556,0.0530721601372748,0.601696239401497,0.809739107139615,0.690560401419736,0.0532602667857825,0.586170278519602,0.79495052431987
"result.421","421",0.686,0.722228479772691,0.0558821679258619,0.612699430638001,0.83175752890738,0.738541336709439,0.0641983480386105,0.612712574553763,0.864370098865116
"result.422","422",0.686,0.626109874305903,0.0470423907185056,0.533906788497632,0.718312960114174,0.613317606830249,0.0482453716357782,0.518756678424124,0.707878535236374
"result.423","423",0.686,0.680348627257763,0.0500745683904529,0.582202473212476,0.778494781303051,0.675607626133087,0.0521326360937598,0.573427659389318,0.777787592876857
"result.424","424",0.686,0.651044147986588,0.0510105764421815,0.551063418159913,0.751024877813264,0.641077782127439,0.0586840166757642,0.526057109442941,0.756098454811937
"result.425","425",0.686,0.650090197275786,0.0473732844019972,0.557238559847872,0.742941834703701,0.633286523636954,0.0484603050430532,0.53830432575257,0.728268721521339
"result.426","426",0.686,0.703157710831327,0.0500320938846965,0.605094806817322,0.801220614845332,0.70349170552764,0.0509571281444183,0.60361573436458,0.8033676766907
"result.427","427",0.686,0.633089518657346,0.047237869705993,0.540503294033599,0.725675743281092,0.638583530793109,0.0481613222874463,0.544187339109714,0.732979722476504
"result.428","428",0.686,0.716170495539826,0.0514328868957628,0.615362037224131,0.816978953855521,0.70118526257772,0.0524797404739512,0.598324971248776,0.804045553906665
"result.429","429",0.686,0.809583986092813,0.115047249928498,0.584091376232956,1.03507659595267,0.528130406831275,0.132079245729328,0.269255085201792,0.787005728460758
"result.430","430",0.686,0.646290086749881,0.0480435075250054,0.552124812000871,0.740455361498892,0.649267948787409,0.049524011805518,0.552200885648593,0.746335011926224
"result.431","431",0.686,0.72515887449546,0.0512152762706605,0.624776933004965,0.825540815985954,0.728046605494722,0.0521691845968811,0.625795003684835,0.830298207304609
"result.432","432",0.686,0.654419229921201,0.0473254620501814,0.561661324302846,0.747177135539557,0.664389877202234,0.0479546993646762,0.570398666447469,0.758381087956999
"result.433","433",0.686,0.768323537754232,0.0508580081041297,0.668641841870138,0.868005233638326,0.733771146258663,0.0518052448149127,0.632232866421434,0.835309426095892
"result.434","434",0.686,0.684791643695719,0.0489858805365911,0.588779317844,0.780803969547437,0.663623716684256,0.0504356381612603,0.564769865888186,0.762477567480326
"result.435","435",0.686,0.750215306329129,0.0536605885488325,0.645040552773417,0.85539005988484,0.722371992131264,0.059275540762773,0.606191932236229,0.838552052026299
"result.436","436",0.686,0.62470275670042,0.0471786355340778,0.532232631053628,0.717172882347213,0.614355093610864,0.0490297549659876,0.518256773877528,0.7104534133442
"result.437","437",0.686,0.723229812071843,0.0499807837777534,0.625267475867446,0.82119214827624,0.723329160949732,0.0513837034736019,0.622617102141472,0.824041219757992
"result.438","438",0.686,0.625468003536914,0.0491561565032179,0.529121936790607,0.721814070283221,0.627236001454088,0.0503805903359397,0.528490044395647,0.72598195851253
"result.439","439",0.686,0.692398600832907,0.0497095398601545,0.594967902707004,0.78982929895881,0.676728697556765,0.0501315743094096,0.578470811910322,0.774986583203208
"result.440","440",0.686,0.72333246557424,0.0516774931494764,0.622044579001266,0.824620352147214,0.707930833202008,0.0515832928640061,0.606827579188556,0.80903408721546
"result.441","441",0.686,0.677682177799208,0.0476777235074746,0.584233839724558,0.771130515873858,0.687125073529368,0.0490775272990417,0.590933120023246,0.78331702703549
"result.442","442",0.686,0.697288787813678,0.0492813171221811,0.600697406254203,0.793880169373153,0.698013250967741,0.0495024592890755,0.600988430761153,0.795038071174329
"result.443","443",0.686,0.722149077534165,0.0489242695085645,0.626257509297379,0.818040645770951,0.717867590809363,0.0497085099680944,0.620438911271898,0.815296270346828
"result.444","444",0.686,0.57280018696274,0.0459588796748872,0.482720782799961,0.662879591125519,0.556319390287393,0.0482472960826559,0.461754689965387,0.650884090609398
"result.445","445",0.686,0.805414798626169,0.0531750666426655,0.701191668006545,0.909637929245794,0.798021213455647,0.0539045638349783,0.69236826833909,0.903674158572204
"result.446","446",0.686,0.743691937623911,0.0517143369010843,0.642331837297786,0.845052037950037,0.729140876944736,0.0526604132833522,0.625926466909366,0.832355286980106
"result.447","447",0.686,0.635999097914101,0.0469957386523111,0.543887450155571,0.72811074567263,0.614017421782009,0.0477106729778167,0.520504502745488,0.70753034081853
"result.448","448",0.686,0.670840073644877,0.0496522221306984,0.573521718268708,0.768158429021046,0.681408435325906,0.0506415806905604,0.582150937172408,0.780665933479405
"result.449","449",0.686,0.678628582859762,0.0554294466866266,0.569986867353974,0.78727029836555,0.633292965765638,0.0508892647061079,0.533550006941666,0.733035924589609
"result.450","450",0.686,0.604912834782954,0.046674333543445,0.513431141037802,0.696394528528107,0.599120729360016,0.0475692853605141,0.505884930053408,0.692356528666623
"result.451","451",0.686,0.725354310504572,0.0517582853178101,0.623908071281665,0.82680054972748,0.734209333915054,0.053153824686806,0.630027837528914,0.838390830301194
"result.452","452",0.686,0.693342778471553,0.0506615062332307,0.594046226254421,0.792639330688685,0.670633616046024,0.0519164589929112,0.568877356419918,0.77238987567213
"result.453","453",0.686,0.698038168698003,0.0492693192241297,0.601470303018708,0.794606034377297,0.707065908152988,0.0503708126101652,0.608339115437065,0.805792700868912
"result.454","454",0.686,0.634949190840331,0.0460438147379451,0.544703313953959,0.725195067726703,0.642808397429394,0.0469049384078068,0.550874718150093,0.734742076708696
"result.455","455",0.686,0.628872955518708,0.0465801676209211,0.537575826981703,0.720170084055714,0.60844570423301,0.0471304236124658,0.516070073952577,0.700821334513443
"result.456","456",0.686,0.592069433168344,0.0467062136509298,0.500525254412521,0.683613611924166,0.606201047263458,0.0482081105799105,0.511713150526833,0.700688944000083
"result.457","457",0.686,0.647417997794444,0.0482303698508804,0.552886472886719,0.74194952270217,0.649740639149701,0.0496364892958835,0.552453120129769,0.747028158169633
"result.458","458",0.686,0.590282688735875,0.0457337652390899,0.500644508867259,0.679920868604491,0.594435776042731,0.0470485884472845,0.502220542686053,0.686651009399408
"result.459","459",0.686,0.626729097189465,0.0478849117636685,0.532874670132675,0.720583524246255,0.609842493136858,0.0488200041119631,0.51415528507741,0.705529701196305
"result.460","460",0.686,0.750921290713601,0.0507859762811123,0.651380777202621,0.850461804224581,0.731534310132286,0.0514907006577041,0.630612536843186,0.832456083421386
"result.461","461",0.686,0.621220511108673,0.0469443286330679,0.52920962698786,0.713231395229486,0.605842443104046,0.0480170615448832,0.511729002476075,0.699955883732017
"result.462","462",0.686,0.697471866358357,0.0502530081805678,0.598975970324444,0.79596776239227,0.685069198198486,0.0518067917019502,0.583527886462663,0.786610509934308
"result.463","463",0.686,0.820958819862472,0.0990862360761204,0.626749797153276,1.01516784257167,0.710461847219474,0.0556830928410659,0.601322985250985,0.819600709187963
"result.464","464",0.686,0.640480321907656,0.0477499620226122,0.546890396343336,0.734070247471976,0.6317212119504,0.0517918215372849,0.530209241737321,0.733233182163478
"result.465","465",0.686,0.621811248426935,0.0479883513748477,0.527754079732234,0.715868417121637,0.625445266800196,0.0481172482919116,0.53113546014805,0.719755073452343
"result.466","466",0.686,0.638222165213128,0.0474985557686065,0.545124995906659,0.731319334519597,0.636818580721593,0.0494924064851022,0.539813464010792,0.733823697432393
"result.467","467",0.686,0.720124304501616,0.0496094949105061,0.622889694477023,0.817358914526208,0.720505661799035,0.0498062035542212,0.622885502832762,0.818125820765309
"result.468","468",0.686,0.71042943694035,0.0494732092258024,0.613461946857777,0.807396927022923,0.720294733313435,0.0513514028181788,0.619645983789805,0.820943482837065
"result.469","469",0.686,0.684653002157551,0.0486900939983226,0.589220417920838,0.780085586394263,0.69274647937143,0.0507446041761154,0.593287055186244,0.792205903556617
"result.470","470",0.686,0.604228604651936,0.0484938023718008,0.509180752003206,0.699276457300666,0.599693973137378,0.0499537109195566,0.501784699735047,0.697603246539709
"result.471","471",0.686,0.643119844222217,0.0525352108578899,0.540150830940753,0.746088857503681,0.651630916472777,0.0577700441007363,0.538401630035334,0.76486020291022
"result.472","472",0.686,0.66325039634798,0.0496667851431966,0.565903497467314,0.760597295228645,0.666319407530084,0.0512630113892471,0.56584390520716,0.766794909853009
"result.473","473",0.686,0.674883862018477,0.0492207233985422,0.578411244157334,0.77135647987962,0.64107119440995,0.0580796185091047,0.527235142132105,0.754907246687795
"result.474","474",0.686,0.65062580968342,0.0485320059829964,0.555503077956747,0.745748541410093,0.649957763943508,0.048840038005591,0.55423128945255,0.745684238434467
"result.475","475",0.686,0.647530004097344,0.0478024359093036,0.553837229715109,0.741222778479579,0.658612796801156,0.0511924055894172,0.558275681845898,0.758949911756414
"result.476","476",0.686,0.604282547832664,0.0472764661899316,0.511620674100398,0.69694442156493,0.605713086263361,0.0497212273512807,0.508259480654851,0.703166691871872
"result.477","477",0.686,0.67353167331548,0.0489939296828999,0.577503571136996,0.769559775493964,0.658629291616926,0.0509290158518211,0.558808420547357,0.758450162686496
"result.478","478",0.686,0.746110703858351,0.0514657329210173,0.645237867333157,0.846983540383545,0.71850846019305,0.0520648725210392,0.616461310051813,0.820555610334287
"result.479","479",0.686,0.668951242662261,0.0494016851533107,0.572123939761772,0.76577854556275,0.666126146837215,0.0497499839169332,0.568616178360026,0.763636115314404
"result.480","480",0.686,0.627774790472083,0.0465802554896983,0.536477489712275,0.719072091231892,0.621995474413782,0.0470389873807752,0.529799059147462,0.714191889680101
"result.481","481",0.686,0.661686097629192,0.0472280884408444,0.569119044285136,0.754253150973247,0.662667654703174,0.0477281860368469,0.569120410070954,0.756214899335394
"result.482","482",0.686,0.590333340846593,0.046070789986274,0.500034592473496,0.68063208921969,0.532044486788766,0.0601839780030555,0.414083889902777,0.650005083674755
"result.483","483",0.686,0.571798220041964,0.044810516424129,0.483969607850671,0.659626832233257,0.570506762638094,0.0469601419655839,0.47846488438555,0.662548640890639
"result.484","484",0.686,0.619379100332585,0.0477713224196137,0.525747308390142,0.713010892275028,0.621448703068982,0.0499683018064874,0.523510831528266,0.719386574609697
"result.485","485",0.686,0.722584644719361,0.0524018993332719,0.619876922026148,0.825292367412574,0.71188839900415,0.0519273291602335,0.610110833850092,0.813665964158208
"result.486","486",0.686,0.713964253988671,0.0624621880446304,0.591538365421196,0.836390142556147,0.654500845126213,0.0549649653775992,0.546769512986118,0.762232177266307
"result.487","487",0.686,0.666484954996469,0.0488266830033245,0.570784656309953,0.762185253682985,0.628533653139051,0.0502041821873373,0.530133456051869,0.726933850226232
"result.488","488",0.686,0.677232058823752,0.0467147996124222,0.585671051583404,0.768793066064099,0.701472946585615,0.0487092828940986,0.606002752113182,0.796943141058048
"result.489","489",0.686,0.639191623705948,0.0471517025840011,0.546774286641306,0.73160896077059,0.635324846788397,0.0478480508174756,0.541542667186145,0.729107026390649
"result.490","490",0.686,0.608073254588897,0.0467591713244746,0.516425278792927,0.699721230384867,0.598531633032007,0.0481352154506771,0.504186610748679,0.692876655315334
"result.491","491",0.686,0.585756188188021,0.0430417616002528,0.501394335451526,0.670118040924517,0.597241270888859,0.0441764221290391,0.510655483515943,0.683827058261776
"result.492","492",0.686,0.632600039664257,0.0462934273169887,0.54186492212296,0.723335157205555,0.631107254424527,0.0474798177334243,0.538046811667015,0.724167697182038
"result.493","493",0.686,0.650565761349616,0.0486521117661717,0.55520762228792,0.745923900411313,0.633968070976999,0.0496405838219415,0.536672526685994,0.731263615268005
"result.494","494",0.686,0.712836731231574,0.0511452532642417,0.61259203483366,0.813081427629487,0.590351366012857,0.101784344020527,0.390854051732624,0.78984868029309
"result.495","495",0.686,0.668560945798108,0.0471840863015223,0.576080136647125,0.761041754949092,0.662980978816629,0.0477860266516539,0.569320366579387,0.756641591053871
"result.496","496",0.686,0.619615179249912,0.0459017063788242,0.529647834747417,0.709582523752408,0.641272905923214,0.0469327839776909,0.54928464932694,0.733261162519488
"result.497","497",0.686,0.648757230926048,0.0486640166717452,0.553375758249427,0.744138703602669,0.622412720772752,0.0497504813996849,0.52490177722937,0.719923664316135
"result.498","498",0.686,0.830213825021976,0.272492602840135,0.296128323455312,1.36429932658864,0.885831716497196,0.44494893376463,0.0137318063185209,1.75793162667587
"result.499","499",0.686,0.652084400188904,0.0494881205278388,0.55508768395434,0.749081116423468,0.625156693328392,0.0574882625825495,0.512479698666595,0.737833687990189
"result.500","500",0.686,0.616408347054726,0.0489205238643754,0.52052412028055,0.712292573828902,0.631181247247239,0.0514712306714486,0.5302976351312,0.732064859363278
