"","i","truth","cvtmle","cvtmle_se","cvtmle_lower","cvtmle_upper","cvaiptw","cvaiptw_se","cvaiptw_lower","cvaiptw_upper","ss","sshal","sshal_se","sshal_lower","sshal_upper"
"result.1","1",0.686,0.616268563886068,0.216231634208658,0.192454560837099,1.04008256693504,0.733536275085494,0.204517884828612,0.332681220821415,1.13439132934957,0.568439228743748,0,0,0,0
"result.2","2",0.686,0.648237524625549,0.237599484404283,0.182542535193154,1.11393251405794,0.825530048449466,0.256664581845614,0.322467468032062,1.32859262886687,0.603809021154851,0,0,0,0
"result.3","3",0.686,0.974041074686374,0.288034893769032,0.409492682899072,1.53858946647368,1.12361979111501,0.277040964317843,0.580619501052033,1.66662008117798,0.91604027628189,0,0,0,0
"result.4","4",0.686,0.641439207573904,0.205785714757731,0.238099206648753,1.04477920849906,0.664297855583846,0.185505738399748,0.30070660832034,1.02788910284735,0.521433436384811,0,0,0,0
"result.5","5",0.686,0.974918556780306,0.291629783797177,0.403324180537839,1.54651293302277,0.892698514810793,0.222463555120834,0.456669946773959,1.32872708284763,0.53777101655471,0,0,0,0
"result.6","6",0.686,0.664114262571977,0.24186030873394,0.190068057453454,1.1381604676905,0.703154270381667,0.216107781092748,0.279583019439881,1.12672552132345,0.511088372834126,0,0,0,0
"result.7","7",0.686,1.28966825441626,0.314270443725387,0.673698184714501,1.90563832411802,1.24742563262395,0.267760764467119,0.722614534268401,1.77223673097951,0.943102693196173,0,0,0,0
"result.8","8",0.686,0.528469022477937,0.199115507981607,0.138202626833987,0.918735418121886,0.605090765608463,0.173969945132617,0.264109673148534,0.946071858068392,0.394124405413285,0,0,0,0
"result.9","9",0.686,0.584851058669891,0.218147636112497,0.157281691889397,1.01242042545039,0.635583493695574,0.19940213881373,0.244755301620664,1.02641168577048,0.479333112671777,0,0,0,0
"result.10","10",0.686,0.48143868890603,0.224829953344142,0.0407719803515118,0.922105397460549,0.604443081096801,0.210258388593028,0.192336639454467,1.01654952273913,0.420581954596914,0,0,0,0
"result.11","11",0.686,0.774684255640681,0.247948166724908,0.288705848859862,1.2606626624215,0.836726614773698,0.223878489471563,0.397924775409435,1.27552845413796,0.644541101101718,0,0,0,0
"result.12","12",0.686,0.562758212301734,0.238048291746385,0.0961835604788185,1.02933286412465,0.63826531547764,0.220827716887913,0.205442990377331,1.07108764057795,0.489344298104605,0,0,0,0
"result.13","13",0.686,0.579391384637972,0.162283343336366,0.261316031698695,0.897466737577249,0.650591397336973,0.157210404600674,0.342459004319652,0.958723790354293,0.469745337116187,0,0,0,0
"result.14","14",0.686,1.24061729345097,0.283480433178768,0.684995644420588,1.79623894248136,1.31059517801564,0.260089972112065,0.800818832675988,1.82037152335528,1.0316982962854,0,0,0,0
"result.15","15",0.686,0.682283454653153,0.194647327205386,0.300774693330597,1.06379221597571,0.706957571521151,0.172328987600706,0.369192755823768,1.04472238721853,0.510402245985507,0,0,0,0
"result.16","16",0.686,0.467101386971556,0.168044624000968,0.137733923929659,0.796468850013452,0.474539272979326,0.134752211355962,0.21042493872164,0.738653607237012,0.288345503218635,0,0,0,0
"result.17","17",0.686,0.491407448277039,0.212292549769327,0.0753140507291583,0.90750084582492,0.529344505567561,0.179390518062769,0.177739090164534,0.880949920970588,0.343079682880482,0,0,0,0
"result.18","18",0.686,0.413176948333313,0.1824220536485,0.0556297231822525,0.770724173484374,0.936609070592501,0.229704273801924,0.486388693940729,1.38682944724427,0.692751689977711,0,0,0,0
"result.19","19",0.686,0.793258022845312,0.217192352699088,0.3675610115551,1.21895503413552,0.866357849585048,0.201979469469618,0.470478089424597,1.2622376097455,0.676320446378314,0,0,0,0
"result.20","20",0.686,0.438772018154174,0.156062530277246,0.132889458810771,0.744654577497577,0.413119612175126,0.12423557395176,0.169617887229675,0.656621337120576,0.267838361145023,0,0,0,0
"result.21","21",0.686,0.981556503743099,0.273934828311073,0.444644240253396,1.5184687672328,1.1570173924564,0.261891044280793,0.643710945666042,1.67032383924675,0.908438870907206,0,0,0,0
"result.22","22",0.686,0.940278867759338,0.270380811906179,0.410332476423227,1.47022525909545,1.05048979534092,0.248690715782222,0.563055992407766,1.53792359827408,0.811052315953706,0,0,0,0
"result.23","23",0.686,0.535811824382383,0.197608732053521,0.148498709557483,0.923124939207284,0.566929601999059,0.168155001175061,0.237345799695941,0.896513404302178,0.371253223547153,0,0,0,0
"result.24","24",0.686,0.508220109513551,0.184796059899671,0.146019832110196,0.870420386916906,0.591781956276067,0.16591576958251,0.266587047894347,0.916976864657788,0.392960205883986,0,0,0,0
"result.25","25",0.686,0.865407172715006,0.258617280405983,0.35851730311928,1.37229704231073,0.951009539037893,0.235825406916906,0.488791741480757,1.41322733659503,0.739547385610429,0,0,0,0
"result.26","26",0.686,0.462867046672913,0.194753286522648,0.0811506050885227,0.844583488257304,0.564828357805343,0.178223553398934,0.215510193143431,0.914146522467254,0.414361374938741,0,0,0,0
"result.27","27",0.686,0.549460304016146,0.205323377156639,0.147026484789133,0.951894123243158,0.813180771631303,0.203661383267036,0.414004460427914,1.21235708283469,0.565578923558152,0,0,0,0
"result.28","28",0.686,0.842664401878488,0.227180044390942,0.397391514872242,1.28793728888473,0.865212505218775,0.20661951190722,0.460238261880625,1.27018674855693,0.708183670214038,0,0,0,0
"result.29","29",0.686,0.388937927245237,0.156658200007059,0.0818878552314026,0.695987999259072,0.427629346235224,0.145330661238603,0.142781250207562,0.712477442262887,0.33470417860787,0,0,0,0
"result.30","30",0.686,0.585345376011853,0.188032303887487,0.216802060392379,0.953888691631327,0.483441821653138,0.13082190018013,0.227030897300083,0.739852746006193,0.238700031126683,0,0,0,0
"result.31","31",0.686,0.961521261099044,0.267910058188627,0.436417547049334,1.48662497514875,0.987841040210038,0.235493025431869,0.526274710363575,1.4494073700565,0.734471680458752,0,0,0,0
"result.32","32",0.686,0.594096053440129,0.225948822675894,0.151236360995378,1.03695574588488,0.609308550295405,0.212935379109987,0.191955207239831,1.02666189335098,0.454554704928225,0,0,0,0
"result.33","33",0.686,0.534866311511602,0.212800900745465,0.11777654605049,0.951956076972714,0.678464974353514,0.208159475062833,0.270472403230361,1.08645754547667,0.486946616429133,0,0,0,0
"result.34","34",0.686,0.64923719984455,0.201155506817109,0.254972406483017,1.04350199320608,0.676451666693146,0.168186090763773,0.34680692879615,1.00609640459014,0.413508492181649,0,0,0,0
"result.35","35",0.686,0.345414624380149,0.154481481562205,0.0426309205182269,0.648198328242072,0.316299260715445,0.110377936184094,0.0999585057946218,0.532640015636269,0.178574496368803,0,0,0,0
"result.36","36",0.686,0.683136993439313,0.208131687598292,0.27519888574666,1.09107510113197,0.740414504166108,0.184172129397887,0.37943713054625,1.10139187778597,0.542326233897383,0,0,0,0
"result.37","37",0.686,0.565929150360032,0.194667053278233,0.184381725934695,0.947476574785369,0.500898431968484,0.138432793236281,0.229570157225374,0.772226706711594,0.28422135094002,0,0,0,0
"result.38","38",0.686,0.562630542583566,0.195611564771591,0.179231875631248,0.946029209535884,0.528756892713573,0.149309485303363,0.236110301518981,0.821403483908165,0.295549571411468,0,0,0,0
"result.39","39",0.686,1.01429304463015,0.240093415493453,0.543709950262985,1.48487613899732,1.04090981613383,0.214525776401218,0.620439294387442,1.46138033788022,0.797920401400296,0,0,0,0
"result.40","40",0.686,1.05819769521549,0.249796622207571,0.568596315688653,1.54779907474233,1.06414994030075,0.224157685156732,0.624800877393556,1.50349900320794,0.790636142394005,0,0,0,0
"result.41","41",0.686,0.33364041308315,0.1544209666959,0.030975318359187,0.636305507807113,0.37117386116021,0.135390513910818,0.105808453895007,0.636539268425412,0.230635075651195,0,0,0,0
"result.42","42",0.686,0.847967761524404,0.242725206250632,0.372226357273165,1.32370916577564,0.858288219179711,0.205343538896999,0.455814882941592,1.26076155541783,0.583550263595208,0,0,0,0
"result.43","43",0.686,0.812707962341222,0.248132245142756,0.326368761861421,1.29904716282102,0.840060777111028,0.205379712041957,0.437516541508791,1.24260501271326,0.554621515608048,0,0,0,0
"result.44","44",0.686,0.313289887128142,0.159353975269103,0.000956095600701035,0.625623678655583,0.445842319462891,0.146691856122857,0.158326281462092,0.73335835746369,0.2911168802711,0,0,0,0
"result.45","45",0.686,0.499901714495713,0.202062077092595,0.103860043394227,0.895943385597199,0.519712602338808,0.160789368683602,0.204565439718947,0.834859764958668,0.303719247619417,0,0,0,0
"result.46","46",0.686,0.479363418372381,0.193495091777365,0.100113038488746,0.858613798256017,0.548392252562276,0.171454730830715,0.212340980134075,0.884443524990478,0.375160033333965,0,0,0,0
"result.47","47",0.686,0.640981758148802,0.192840815901708,0.263013758981453,1.01894975731615,0.713411346754143,0.177135434835668,0.366225894476234,1.06059679903205,0.553477483113825,0,0,0,0
"result.48","48",0.686,0.35070277111524,0.150593530922068,0.0555394505079871,0.645866091722493,0.452498349557936,0.150648499941681,0.157227289672241,0.747769409443631,0.338414104900103,0,0,0,0
"result.49","49",0.686,0.974624675869018,0.234283886264443,0.51542825879071,1.43382109294733,1.08738953445121,0.218935870881712,0.658275227523054,1.51650384137937,0.851142018134863,0,0,0,0
"result.50","50",0.686,0.445581681853099,0.180618170443247,0.0915700677843341,0.799593295921864,0.354816068336992,0.129942312771517,0.100129135304818,0.609503001369166,0.225040958873432,0,0,0,0
"result.51","51",0.686,1.01721128555798,0.294261264642306,0.440459206859063,1.5939633642569,1.21118738651031,0.27864786383263,0.665037573398352,1.75733719962226,0.975713920557211,0,0,0,0
"result.52","52",0.686,0.580932617776524,0.205761321194407,0.177640428235485,0.984224807317562,0.596329823474806,0.177776864590805,0.247887168876828,0.944772478072784,0.432062822525039,0,0,0,0
"result.53","53",0.686,0.713307625668991,0.213800981424888,0.29425770207621,1.13235754926177,0.703405536074517,0.175179271697265,0.360054163547879,1.04675690860116,0.468128628228387,0,0,0,0
"result.54","54",0.686,0.418970428797269,0.171287474858887,0.0832469780738497,0.754693879520689,0.572889965331926,0.160796016200863,0.257729773578235,0.888050157085617,0.408937442984546,0,0,0,0
"result.55","55",0.686,0.997197773836128,0.261470746623585,0.484715110453902,1.50968043721835,0.995475573026746,0.223269570785372,0.557867214287417,1.43308393176607,0.683040721491008,0,0,0,0
"result.56","56",0.686,0.657008154880314,0.240083725564925,0.186444052773061,1.12757225698757,0.853369069959608,0.22332278729928,0.415656406853018,1.2910817330662,0.618746454811138,0,0,0,0
"result.57","57",0.686,0.813183872802535,0.25002635037932,0.323132226059068,1.303235519546,0.757883141102296,0.194798953537894,0.376077192168024,1.13968909003657,0.45416944545615,0,0,0,0
"result.58","58",0.686,0.714411978634895,0.192524838529056,0.337063295117945,1.09176066215185,0.652365763988591,0.165489771949994,0.328005810966602,0.976725717010579,0.499996764957299,0,0,0,0
"result.59","59",0.686,0.826895030821447,0.273403895614691,0.291023395416653,1.36276666622624,0.983855719363292,0.283157817128958,0.428866397790534,1.53884504093605,0.850981984108761,0,0,0,0
"result.60","60",0.686,0.361006121888098,0.136079570309204,0.0942901640820576,0.627722079694138,0.307550927948846,0.0978973862716638,0.115672050856385,0.499429805041307,0.161523759439241,0,0,0,0
"result.61","61",0.686,1.16507113892068,0.291172100006565,0.594373822907816,1.73576845493355,1.26848569203486,0.279251520094501,0.721152712649639,1.81581867142008,1.04598973523182,0,0,0,0
"result.62","62",0.686,0.800903579054439,0.23074967092416,0.348634224043085,1.25317293406579,0.786260219046253,0.20006060559723,0.394141432075682,1.17837900601682,0.569485615045488,0,0,0,0
"result.63","63",0.686,0.424627357542369,0.173310625738252,0.0849385310953953,0.764316183989342,0.325943113939854,0.118200422928116,0.0942702850007463,0.557615942878961,0.194563591518086,0,0,0,0
"result.64","64",0.686,0.547351364808103,0.199841098417803,0.155662811909209,0.939039917706997,0.656619007303658,0.181204931429693,0.30145734170146,1.01178067290585,0.467990460109532,0,0,0,0
"result.65","65",0.686,1.00608633687308,0.266504305086206,0.483737898904117,1.52843477484205,1.15528901545255,0.24273157321797,0.679535131945332,1.63104289895977,0.910222945212476,0,0,0,0
"result.66","66",0.686,0.356751794634793,0.162694786435234,0.0378700132217349,0.675633576047852,0.44497452132334,0.157154165882839,0.136952356192975,0.752996686453705,0.313081085627731,0,0,0,0
"result.67","67",0.686,0.730088412733127,0.289169299482248,0.163316585747921,1.29686023971833,0.812306837629577,0.265233278233199,0.292449612292508,1.33216406296665,0.605827830292164,0,0,0,0
"result.68","68",0.686,1.02187892177891,0.230789340773747,0.56953181386237,1.47422602969546,0.991069740909278,0.180875804232308,0.636553164613954,1.3455863172046,0.624282101484436,0,0,0,0
"result.69","69",0.686,1.05833403522243,0.242912813514435,0.582224920734136,1.53444314971072,1.04670428074339,0.220509309451589,0.614506034218279,1.47890252726851,0.864901907500162,0,0,0,0
"result.70","70",0.686,0.781016080792071,0.227060899299644,0.335976718164769,1.22605544341937,0.756301380345391,0.176553373453334,0.410256768376856,1.10234599231392,0.49482068771938,0,0,0,0
"result.71","71",0.686,1.52293795741018,0.322284436667117,0.891260461542636,2.15461545327773,1.55242022683706,0.298476954859215,0.967405395313,2.13743505836112,1.27181584574245,0,0,0,0
"result.72","72",0.686,1.06916068115278,0.295022900005511,0.490915797141978,1.64740556516358,0.975340644111702,0.2423293308476,0.500375155650405,1.450306132573,0.666220104916127,0,0,0,0
"result.73","73",0.686,0.777691359576887,0.24349628570371,0.300438639597616,1.25494407955616,0.892442687154628,0.22582492685305,0.44982583052265,1.33505954378661,0.647750140434709,0,0,0,0
"result.74","74",0.686,1.18054826921072,0.34451481133361,0.505299238996845,1.8557972994246,1.26832141690198,0.310712914042819,0.659324105378052,1.8773187284259,0.919013903040309,0,0,0,0
"result.75","75",0.686,0.526402803109943,0.240522682507722,0.0549783453948081,0.997827260825079,0.713105230283235,0.218514665501198,0.284816485900886,1.14139397466558,0.514807733048793,0,0,0,0
"result.76","76",0.686,0.770635526041372,0.235209675745782,0.309624561579638,1.23164649050311,1.02076689346644,0.229224912697319,0.571486064579698,1.47004772235319,0.778937641261005,0,0,0,0
"result.77","77",0.686,0.4006269468725,0.168291835232775,0.0707749498162598,0.730478943928739,0.44014050160705,0.14541853550184,0.155120172023445,0.725160831190656,0.28095040531229,0,0,0,0
"result.78","78",0.686,0.777281480155747,0.233095374583313,0.320414545972455,1.23414841433904,0.795694704203284,0.200919585850328,0.401892315936642,1.18949709246993,0.596608759049101,0,0,0,0
"result.79","79",0.686,0.883514389285945,0.249075310753575,0.395326780208939,1.37170199836295,0.955485402349884,0.231868547357637,0.501023049528915,1.40994775517085,0.752108485924058,0,0,0,0
"result.80","80",0.686,0.484270875270507,0.183288477056821,0.125025460239137,0.843516290301877,0.634530126165146,0.172734031553774,0.295971424319749,0.973088828010543,0.473495829537485,0,0,0,0
"result.81","81",0.686,0.672608392951015,0.187597582835639,0.304917130593163,1.04029965530887,0.926782533603094,0.195501729380148,0.543599144018005,1.30996592318818,0.759071150172328,0,0,0,0
"result.82","82",0.686,1.06108123040444,0.305091289604678,0.463102302779276,1.65906015802961,1.1104682699566,0.274712223315691,0.57203231225785,1.64890422765536,0.849895746935801,0,0,0,0
"result.83","83",0.686,0.566834414600996,0.222366444305768,0.13099618376169,1.0026726454403,0.582258053088977,0.185173339398425,0.219318307868064,0.945197798309891,0.377338219268407,0,0,0,0
"result.84","84",0.686,0.762719129319845,0.231386782031253,0.30920103653859,1.2162372221011,1.20875303044355,0.243842885663776,0.730820974542551,1.68668508634455,0.911499131958903,0,0,0,0
"result.85","85",0.686,0.750277644506831,0.255187987302216,0.250109189394488,1.25044609961917,0.728326341804161,0.201681011425678,0.333031559409831,1.12362112419849,0.45635394438551,0,0,0,0
"result.86","86",0.686,1.18562177963784,0.313409339434409,0.571339474346394,1.79990408492928,1.46393229734303,0.318066560600408,0.84052183856623,2.08734275611983,1.22995035059945,0,0,0,0
"result.87","87",0.686,0.886228477058382,0.26299128051382,0.370765567251295,1.40169138686547,1.07347773016958,0.256052765893509,0.5716143090183,1.57534115132086,0.8702341865898,0,0,0,0
"result.88","88",0.686,0.567210201459633,0.197473981663623,0.180161197398931,0.954259205520335,0.582305268795979,0.164108927160844,0.260651771560725,0.903958766031233,0.38517422600515,0,0,0,0
"result.89","89",0.686,0.819557320673144,0.247131149913103,0.335180266843462,1.30393437450283,0.842049828683485,0.212497464295258,0.425554798664779,1.25854485870219,0.605421496465686,0,0,0,0
"result.90","90",0.686,1.1259585681549,0.249153225794007,0.637618245598651,1.61429889071116,1.31470253848048,0.249152422725911,0.826363789937698,1.80304128702327,1.12314028228635,0,0,0,0
"result.91","91",0.686,0.535378626358879,0.194083244573389,0.154975466995037,0.915781785722722,0.578144113112983,0.160413473364039,0.263733705319468,0.892554520906499,0.378217756509747,0,0,0,0
"result.92","92",0.686,1.17310662093874,0.301986004106604,0.581214052889793,1.76499918898768,1.15554151991108,0.242457241757801,0.680325326065788,1.63075771375637,0.718434953400109,0,0,0,0
"result.93","93",0.686,0.444879273908741,0.209591355653413,0.0340802168280509,0.855678330989432,0.42751813673709,0.151743428337046,0.13010101719648,0.724935256277701,0.233805686641985,0,0,0,0
"result.94","94",0.686,0.490811740594205,0.186929865950311,0.124429203331596,0.857194277856813,0.580215240129052,0.17404873616627,0.239079717243163,0.921350763014942,0.419608795571395,0,0,0,0
"result.95","95",0.686,0.592196787070822,0.184879561957913,0.229832845633313,0.954560728508331,0.700632169026922,0.175541770589247,0.356570298671998,1.04469403938185,0.515407241936023,0,0,0,0
"result.96","96",0.686,0.468163745479448,0.17531386071246,0.124548578483026,0.81177891247587,0.523648613560884,0.157556080587578,0.214838695609231,0.832458531512537,0.379844611057601,0,0,0,0
"result.97","97",0.686,0.657647975841743,0.235261533080803,0.196535371003369,1.11876058068012,0.663768521822458,0.207100447662635,0.257851644403693,1.06968539924122,0.482519807844899,0,0,0,0
"result.98","98",0.686,1.09669530089598,0.343763680748001,0.422918486629896,1.77047211516206,1.14641155170051,0.311970832192836,0.534948720602549,1.75787438279846,0.859606184403291,0,0,0,0
"result.99","99",0.686,0.822970930980341,0.289911422718171,0.254744542452726,1.39119731950796,0.923914219488905,0.268149113446266,0.398341957134223,1.44948648184359,0.675266643148168,0,0,0,0
"result.100","100",0.686,0.525621186513699,0.19630051078034,0.140872185384233,0.910370187643166,0.542157987177695,0.168399823526339,0.212094333066071,0.872221641289318,0.367766920230068,0,0,0,0
"result.101","101",0.686,0.873619799040862,0.263635020712992,0.356895158443397,1.39034443963833,1.02422783417558,0.26329063601315,0.508178187589803,1.54027748076135,0.821078706375095,0,0,0,0
"result.102","102",0.686,0.644872201979278,0.244263033657117,0.166116656011329,1.12362774794723,0.738838224705723,0.206991258269772,0.333135358496971,1.14454109091448,0.470880382620792,0,0,0,0
"result.103","103",0.686,0.760534704229765,0.223605460231034,0.322268002176938,1.19880140628259,0.764994808101809,0.187997887831703,0.396518947951671,1.13347066825195,0.536219752568134,0,0,0,0
"result.104","104",0.686,0.605528992373586,0.220090776261926,0.174151070900212,1.03690691384696,0.586300196395072,0.163178347246486,0.26647063579196,0.906129756998184,0.340771221166747,0,0,0,0
"result.105","105",0.686,0.460136086967447,0.200883416962744,0.0664045897204685,0.853867584214426,0.507068402835037,0.182707070721601,0.148962544220698,0.865174261449376,0.351852751077354,0,0,0,0
"result.106","106",0.686,0.448439058458869,0.167150918970383,0.120823257276918,0.776054859640821,0.442615137301137,0.130152211871216,0.187516802033553,0.697713472568721,0.266802634883865,0,0,0,0
"result.107","107",0.686,0.949957109285544,0.282011796434991,0.397213988272963,1.50270023029813,0.914203513528405,0.245774256999044,0.43248596981028,1.39592105724653,0.52011675862506,0,0,0,0
"result.108","108",0.686,1.36291151286087,0.317913050510446,0.7398019338604,1.98602109186135,1.37357454485733,0.278538741963155,0.827638610609546,1.91951047910511,1.01689517507046,0,0,0,0
"result.109","109",0.686,0.344443915607281,0.133983002665907,0.0818372303821039,0.607050600832458,0.3701857904323,0.130565664510697,0.114277087991333,0.626094492873266,0.323001363862026,0,0,0,0
"result.110","110",0.686,0.662041536074608,0.222581414789328,0.225781963087526,1.09830110906169,0.732380666936043,0.204502695046565,0.331555384644775,1.13320594922731,0.536022108786736,0,0,0,0
"result.111","111",0.686,0.654049781968025,0.212451425160938,0.237644988652585,1.07045457528346,0.627326845420898,0.181244858997997,0.272086921784825,0.982566769056971,0.416023986808698,0,0,0,0
"result.112","112",0.686,0.70815235105007,0.274364974819179,0.170397000404479,1.24590770169566,0.776714653026324,0.243181459133025,0.300078993125595,1.25335031292705,0.561620621018656,0,0,0,0
"result.113","113",0.686,0.695664863707394,0.209174744035456,0.2856823653979,1.10564736201689,0.796173404853237,0.206817636797757,0.390810836729633,1.20153597297684,0.612195926669403,0,0,0,0
"result.114","114",0.686,0.637527549550574,0.283269520914388,0.0823192885583739,1.19273581054277,0.65201551077412,0.242628471938792,0.176463705774088,1.12756731577415,0.400885011871285,0,0,0,0
"result.115","115",0.686,1.00191752916914,0.321507676619479,0.371762482994956,1.63207257534332,1.41988629576079,0.341811086348016,0.749936566518681,2.0898360250029,1.18818650420217,0,0,0,0
"result.116","116",0.686,0.362236178448004,0.151938178685403,0.064437348224614,0.660035008671394,0.632736311215901,0.17891952116051,0.282054049741302,0.9834185726905,0.547727558476094,0,0,0,0
"result.117","117",0.686,0.885811303318337,0.30416415682287,0.289649555945512,1.48197305069116,0.861748758723802,0.245615943224309,0.380341510004155,1.34315600744345,0.555054561440364,0,0,0,0
"result.118","118",0.686,0.798786628605633,0.22359982704406,0.360530967599276,1.23704228961199,0.65842695562229,0.186475628760594,0.292934723251525,1.02391918799306,0.488540770798262,0,0,0,0
"result.119","119",0.686,0.779565759045719,0.223884586031394,0.340751970424186,1.21837954766725,0.814602273454217,0.194734618627324,0.432922420944662,1.19628212596377,0.583922910944489,0,0,0,0
"result.120","120",0.686,0.972496489665391,0.269489455244771,0.44429715738564,1.50069582194514,1.0561291249134,0.251228155949166,0.563721939253032,1.54853631057376,0.807113281039236,0,0,0,0
"result.121","121",0.686,0.698933535379146,0.211393905022212,0.28460148153561,1.11326558922268,0.843638711192327,0.211378696362232,0.429336466322352,1.2579409560623,0.666023032798143,0,0,0,0
"result.122","122",0.686,0.118487126483941,0.100386773205457,-0.0782709489987548,0.315245201966637,0.209507379301051,0.0979770102487807,0.0174724392134413,0.401542319388662,0.0942320736776511,0,0,0,0
"result.123","123",0.686,0.765544790458204,0.25358686166018,0.268514541604251,1.26257503931216,0.913226328746166,0.244658481895654,0.433695704230683,1.39275695326165,0.674002738452713,0,0,0,0
"result.124","124",0.686,0.765809087261057,0.242658996049197,0.290197455004631,1.24142071951748,0.828956264740475,0.241773647614791,0.355079915415486,1.30283261406546,0.701988788590397,0,0,0,0
"result.125","125",0.686,0.934565961965538,0.221777585316169,0.499881894745846,1.36925002918523,0.982207450199731,0.207823582864381,0.574873227785545,1.38954167261392,0.793109691772449,0,0,0,0
"result.126","126",0.686,1.43958106010862,0.321284511427163,0.809863417711384,2.06929870250586,1.4012813874893,0.286760278963518,0.839231240720807,1.9633315342578,1.0714129527465,0,0,0,0
"result.127","127",0.686,0.908007184554014,0.287318221474318,0.34486347046435,1.47115089864368,1.28867580056866,0.314000697475267,0.673234433517135,1.90411716762018,1.10927474002568,0,0,0,0
"result.128","128",0.686,0.66703417207082,0.223419484252159,0.229131982936587,1.10493636120505,0.693095876987912,0.195909605249007,0.309113050699859,1.07707870327596,0.50022708629004,0,0,0,0
"result.129","129",0.686,0.786921332512099,0.255110019425206,0.286905694438696,1.2869369705855,0.794856097439246,0.221530945295362,0.360655444660336,1.22905675021816,0.559254673123131,0,0,0,0
"result.130","130",0.686,0.928566859591868,0.287729761307322,0.364616527429517,1.49251719175422,0.915813662211866,0.236118602835819,0.453021200653662,1.37860612377007,0.559764238332487,0,0,0,0
"result.131","131",0.686,0.877712835876984,0.259531332223005,0.369031424719894,1.38639424703407,0.909750387975268,0.226641811583342,0.465532437271917,1.35396833867862,0.651231279757649,0,0,0,0
"result.132","132",0.686,0.464444909227309,0.183865388569567,0.104068747630958,0.82482107082366,0.507052526279968,0.16373058199674,0.186140585566357,0.827964466993579,0.371392271017591,0,0,0,0
"result.133","133",0.686,1.00864512291496,0.241670915571239,0.534970128395329,1.48232011743458,0.997232113336193,0.216839102356891,0.572227472716688,1.4222367539557,0.784831012067184,0,0,0,0
"result.134","134",0.686,1.1242803778258,0.280092046253904,0.575299967168145,1.67326078848345,1.21616029094208,0.255039502712728,0.716282865625129,1.71603771625902,0.922186197356089,0,0,0,0
"result.135","135",0.686,0.509070242468351,0.179901632214559,0.156463043327814,0.861677441608887,0.525812293265789,0.149414753362985,0.232959376674337,0.81866520985724,0.352690289261588,0,0,0,0
"result.136","136",0.686,0.443084204444298,0.197285802468039,0.0564040316069412,0.829764377281655,1.0178072867099,0.234495262444609,0.558196572318468,1.47741800110134,0.763922929444387,0,0,0,0
"result.137","137",0.686,1.80495506880823,0.375891832690442,1.06820707673496,2.54170306088149,1.87074947744046,0.356050140374631,1.17289120230618,2.56860775257473,1.57595709921818,0,0,0,0
"result.138","138",0.686,0.512378988528478,0.186461596835045,0.146914258731789,0.877843718325167,0.517961037891574,0.146648188480192,0.230530588470396,0.805391487312751,0.305016615269509,0,0,0,0
"result.139","139",0.686,0.949981328845196,0.248382716891655,0.463151203737553,1.43681145395284,0.96315778500023,0.215460416733679,0.540855368202218,1.38546020179824,0.692603563176842,0,0,0,0
"result.140","140",0.686,0.987455516705286,0.25327780605487,0.491031016837741,1.48388001657283,1.1389200039969,0.244446510278974,0.65980484385011,1.61803516414369,0.94322943046858,0,0,0,0
"result.141","141",0.686,0.486740324675763,0.182314826587564,0.129403264564139,0.844077384787388,0.504477088224478,0.162386552702434,0.186199444927707,0.822754731521249,0.367523978738696,0,0,0,0
"result.142","142",0.686,0.88621638426298,0.278050633144274,0.341237143300203,1.43119562522576,1.05800756040158,0.281461572624403,0.506342878057746,1.60967224274541,0.843488818920798,0,0,0,0
"result.143","143",0.686,0.932517444225481,0.266289857573914,0.41058932338061,1.45444556507035,1.20932001532913,0.277734494286277,0.66496040652803,1.75367962413024,0.973502206219316,0,0,0,0
"result.144","144",0.686,0.430427481253462,0.150773442013372,0.134911534907252,0.725943427599671,0.543319032834586,0.148584517380775,0.252093378768267,0.834544686900906,0.444077250272466,0,0,0,0
"result.145","145",0.686,1.07386446949507,0.298279974349089,0.48923571977086,1.65849321921929,1.19825258207815,0.290164520560478,0.629530121779609,1.76697504237668,0.986633726160396,0,0,0,0
"result.146","146",0.686,0.675991620777383,0.229474994392564,0.226220631767957,1.12576260978681,1.25329876765155,0.255330526454902,0.752850935799946,1.75374659950316,0.946149720106226,0,0,0,0
"result.147","147",0.686,0.59248212499838,0.224921260227841,0.151636454951812,1.03332779504495,0.587677535208939,0.188211156041472,0.218783669367653,0.956571401050224,0.399087164931201,0,0,0,0
"result.148","148",0.686,0.575958647405667,0.198994280405205,0.185929857811465,0.96598743699987,0.552188190841877,0.155860464683809,0.246701680061611,0.857674701622144,0.325095949641782,0,0,0,0
"result.149","149",0.686,0.646269132736208,0.22131621705116,0.212489347315935,1.08004891815648,0.604180806606494,0.170206687089667,0.270575699910747,0.937785913302241,0.386969889295558,0,0,0,0
"result.150","150",0.686,0.737660687319214,0.20993564575608,0.326186821637297,1.14913455300113,0.755058138934018,0.188074137665219,0.386432829110188,1.12368344875785,0.586947386231332,0,0,0,0
"result.151","151",0.686,0.782541053840425,0.229881403069557,0.331973503824094,1.23310860385676,0.771718572072236,0.185903138476834,0.407348420657641,1.13608872348683,0.491450455354556,0,0,0,0
"result.152","152",0.686,0.604787043788102,0.238724019442022,0.136887965681739,1.07268612189446,0.514345624859902,0.17326784942126,0.174740639994232,0.853950609725572,0.265510101707253,0,0,0,0
"result.153","153",0.686,0.535740564432651,0.191008868183872,0.161363182792261,0.910117946073041,1.08317437315608,0.218310435462116,0.655285919650329,1.51106282666182,0.828920720505905,0,0,0,0
"result.154","154",0.686,0.767664490351787,0.226864114762174,0.323010825417926,1.21231815528565,0.695757789316372,0.165251038353309,0.371865754143887,1.01964982448886,0.396242794990353,0,0,0,0
"result.155","155",0.686,0.60427516752769,0.20201133175483,0.208332957288223,1.00021737776716,0.724062393053857,0.197457757483573,0.337045188386053,1.11107959772166,0.548756370910267,0,0,0,0
"result.156","156",0.686,0.727320061030615,0.223176877462514,0.289893381204088,1.16474674085714,0.78402602349163,0.18991393094572,0.41179471883802,1.15625732814524,0.525772334785242,0,0,0,0
"result.157","157",0.686,0.875600872220487,0.254209882089417,0.37734950332523,1.37385224111574,0.869625049580291,0.225525204513097,0.427595648734621,1.31165445042596,0.659597213050485,0,0,0,0
"result.158","158",0.686,0.57515845891438,0.205641033006085,0.172102034222452,0.978214883606307,0.827732038504489,0.218956562117578,0.398577176754037,1.25688690025494,0.644505249717331,0,0,0,0
"result.159","159",0.686,0.107544620711712,0.106810797779342,-0.101804542935799,0.316893784359222,0.18793552331734,0.102298192617588,-0.0125689342131318,0.388439980847812,0.107568442107747,0,0,0,0
"result.160","160",0.686,0.548867555845589,0.209689765381444,0.137875615697958,0.959859495993219,0.496067359501026,0.165656101816973,0.171381399939758,0.820753319062293,0.293138202910146,0,0,0,0
"result.161","161",0.686,1.0299941069373,0.31187294068456,0.418723143195558,1.64126507067903,1.15744708692527,0.288368296062223,0.592245226643315,1.72264894720723,0.892239139485102,0,0,0,0
"result.162","162",0.686,0.831819635192257,0.276540906995548,0.289799457480983,1.37383981290353,0.841070017561602,0.22666045100039,0.396815533600837,1.28532450152237,0.545066235529162,0,0,0,0
"result.163","163",0.686,1.24205787742686,0.361431432796393,0.533652269145926,1.95046348570779,1.55559915431472,0.364198397644932,0.841770294930653,2.26942801369879,1.25368172923185,0,0,0,0
"result.164","164",0.686,0.685912410119348,0.218930435046812,0.256808757427596,1.1150160628111,0.630488641030646,0.174118221429181,0.289216927029451,0.971760355031841,0.407158194670703,0,0,0,0
"result.165","165",0.686,0.735063023273847,0.283159702275029,0.180070006814789,1.2900560397329,1.26296330733956,0.305332025561657,0.664512537238714,1.86141407744041,0.942682657005883,0,0,0,0
"result.166","166",0.686,0.175859503783396,0.0982171647582519,-0.016646139142778,0.368365146709569,0.199275842333501,0.0946385476080282,0.0137842890217658,0.384767395645236,0.179159467206432,0,0,0,0
"result.167","167",0.686,0.715851136405628,0.238672144304114,0.248053733569564,1.18364853924169,0.67245581317484,0.178185537788756,0.323212159108878,1.0216994672408,0.396358549425061,0,0,0,0
"result.168","168",0.686,0.648314877300727,0.21955920771774,0.217978830173955,1.0786509244275,0.840015555191407,0.214705639112941,0.419192502530044,1.26083860785277,0.708121986423616,0,0,0,0
"result.169","169",0.686,0.832514617258638,0.231545620089106,0.378685201883992,1.28634403263329,0.908222832562427,0.213608929089056,0.489549331547877,1.32689633357698,0.732351006084986,0,0,0,0
"result.170","170",0.686,1.15820843574266,0.284787121875581,0.600025676866523,1.7163911946188,1.40813937108634,0.290668370758058,0.838429364400552,1.97784937777214,1.19663962591577,0,0,0,0
"result.171","171",0.686,0.75133617965652,0.220551416576733,0.319055403166124,1.18361695614692,0.819845260247176,0.205869827515057,0.416340398317664,1.22335012217669,0.67086652325933,0,0,0,0
"result.172","172",0.686,1.01606727119204,0.306104064291292,0.416103305181108,1.61603123720297,1.30950756679174,0.317573749397567,0.687063017972507,1.93195211561097,1.06714475869263,0,0,0,0
"result.173","173",0.686,0.309505931592197,0.170471748011274,-0.0246186945099008,0.643630557694295,0.493647220239406,0.180913493026155,0.139056773908143,0.848237666570669,0.377003963881675,0,0,0,0
"result.174","174",0.686,0.892140314143434,0.267226901947474,0.368375586326385,1.41590504196048,1.18731674150107,0.273848010938194,0.650574640062211,1.72405884293993,0.921742458472958,0,0,0,0
"result.175","175",0.686,0.833792611623695,0.247241234883924,0.349199791251205,1.31838543199618,0.893538059173757,0.227859221418968,0.44693398519258,1.34014213315493,0.701043260200587,0,0,0,0
"result.176","176",0.686,0.623258198858991,0.221177635459635,0.189750033358106,1.05676636435988,0.721257638607903,0.207512761358624,0.314532626345,1.12798265087081,0.523431249149401,0,0,0,0
"result.177","177",0.686,0.978946405861349,0.275409563975751,0.439143660468876,1.51874915125382,1.05365815244733,0.262703299302131,0.538759685815156,1.56855661907951,0.867221936183627,0,0,0,0
"result.178","178",0.686,1.00517590270976,0.23922948158695,0.536286118799336,1.47406568662018,1.01866154963815,0.220256181776612,0.586959433355987,1.45036366592031,0.80253258850939,0,0,0,0
"result.179","179",0.686,0.447275342514095,0.15173414678112,0.1498764148231,0.74467427020509,0.537608448906398,0.141757627383679,0.259763499234387,0.815453398578409,0.379513897077438,0,0,0,0
"result.180","180",0.686,0.615842453820238,0.171604900763238,0.279496848324292,0.952188059316183,0.690673038516831,0.161776610010854,0.373590882895556,1.00775519413811,0.507868511718318,0,0,0,0
"result.181","181",0.686,0.929732381801838,0.276149343062046,0.388479669400227,1.47098509420345,0.980161309359564,0.249770780340419,0.490610579892342,1.46971203882679,0.740889673559467,0,0,0,0
"result.182","182",0.686,0.56467787276467,0.249088813069463,0.0764637991485237,1.05289194638082,0.977377250700424,0.262784046341489,0.462320519871106,1.49243398152974,0.685741600146928,0,0,0,0
"result.183","183",0.686,0.730894355879461,0.227051195428043,0.285874012840498,1.17591469891843,1.12201963541772,0.260989811826989,0.610479604236822,1.63355966659862,0.900531744646205,0,0,0,0
"result.184","184",0.686,1.01534930992719,0.325574768473275,0.377222763719576,1.65347585613481,1.4589466210267,0.317706414084556,0.83624204942097,2.08165119263243,1.15487158414732,0,0,0,0
"result.185","185",0.686,0.843707602450684,0.270751860039384,0.313033956773492,1.37438124812788,1.0487261250091,0.266248204662316,0.526879643870958,1.57057260614723,0.826013588633857,0,0,0,0
"result.186","186",0.686,0.573800585889161,0.198978903234277,0.183801935549979,0.963799236228344,0.571791080936684,0.1670197652958,0.244432340956915,0.899149820916453,0.417507092341703,0,0,0,0
"result.187","187",0.686,0.459743089439096,0.179966136384248,0.10700946212597,0.812476716752221,0.498159774125943,0.154487283855722,0.195364697768728,0.800954850483158,0.332596469210741,0,0,0,0
"result.188","188",0.686,0.754908412225105,0.244210202987463,0.276256414369678,1.23356041008053,0.793806296028805,0.213929125721989,0.374505209613707,1.2131073824439,0.589132927198462,0,0,0,0
"result.189","189",0.686,0.622148849472735,0.234040388013875,0.16342968896554,1.08086800997993,0.721416236428675,0.216381272453088,0.297308942420622,1.14552353043673,0.514372447384686,0,0,0,0
"result.190","190",0.686,0.777828514152644,0.248211241734673,0.291334480352685,1.2643225479526,0.933608325982297,0.244884808428127,0.453634101463169,1.41358255050143,0.750311905471505,0,0,0,0
"result.191","191",0.686,0.469710815438895,0.204602946431229,0.0686890404336854,0.870732590444104,0.633456585725003,0.206798975396868,0.228130593947141,1.03878257750286,0.489298548810711,0,0,0,0
"result.192","192",0.686,0.807082445811498,0.222780772631373,0.370432131454007,1.24373276016899,0.881677245804575,0.200209909438963,0.489265823304207,1.27408866830494,0.656876184948986,0,0,0,0
"result.193","193",0.686,0.796066789279097,0.225883462743431,0.353335202301972,1.23879837625622,0.663761349132564,0.160069711104955,0.350024715366853,0.977497982898275,0.386794682535967,0,0,0,0
"result.194","194",0.686,0.815763893387716,0.218606727751665,0.387294706994452,1.24423307978098,0.840886495890507,0.19631540473603,0.456108302607888,1.22566468917313,0.61150590612888,0,0,0,0
"result.195","195",0.686,0.533554691703409,0.19421985030068,0.152883785114076,0.914225598292742,0.57345004087447,0.173122458490482,0.234130022233125,0.912770059515815,0.394552329262193,0,0,0,0
"result.196","196",0.686,0.898651419391323,0.25275865218664,0.403244461105509,1.39405837767714,0.991781887985147,0.244738482591526,0.512094462105757,1.47146931386454,0.808490618227492,0,0,0,0
"result.197","197",0.686,0.670008797570505,0.226308682921738,0.226443779043899,1.11357381609711,0.730161265518967,0.203887062237113,0.330542623534225,1.12977990750371,0.548225386011473,0,0,0,0
"result.198","198",0.686,0.872878831224988,0.24975432811175,0.383360348125958,1.36239731432402,0.910170683583636,0.220053637608518,0.478865553870941,1.34147581329633,0.686943586797449,0,0,0,0
"result.199","199",0.686,0.337484479549749,0.145603505025492,0.0521016096997849,0.622867349399714,0.357781499731598,0.109340268413257,0.143474573641614,0.572088425821581,0.197780392356483,0,0,0,0
"result.200","200",0.686,0.50038144761268,0.194350555110526,0.119454359596049,0.881308535629311,0.520780915268961,0.154931198363973,0.217115766475573,0.824446064062348,0.315966833004712,0,0,0,0
"result.201","201",0.686,0.92713589401051,0.259700330222028,0.418123246775334,1.43614854124569,1.02841193117441,0.246040260151312,0.546173021277836,1.51065084107098,0.795454659002145,0,0,0,0
"result.202","202",0.686,0.45156663310269,0.149756760895938,0.158043381746651,0.745089884458729,0.404150262866295,0.119039661383583,0.170832526554472,0.637467999178119,0.263385477199389,0,0,0,0
"result.203","203",0.686,0.403366958055017,0.155063344501053,0.099442802832953,0.707291113277081,0.615963897139127,0.161562274428643,0.299301839258987,0.932625955019266,0.421359270793996,0,0,0,0
"result.204","204",0.686,0.7718550776677,0.231839182182054,0.317450280590874,1.22625987474453,0.842417896850294,0.20964697018764,0.43150983528252,1.25332595841807,0.64663165989153,0,0,0,0
"result.205","205",0.686,0.738788880754399,0.241919638147982,0.264626389984354,1.21295137152444,0.800049386763952,0.213971233065529,0.380665769955515,1.21943300357239,0.559440966359075,0,0,0,0
"result.206","206",0.686,0.76016718020271,0.215211413680824,0.338352809388294,1.18198155101713,0.839979590390704,0.203566601853117,0.440989050758595,1.23897013002281,0.64812819138179,0,0,0,0
"result.207","207",0.686,0.717640867320604,0.22905716953837,0.268688815025399,1.16659291961581,0.91411191673388,0.229707702327664,0.463884820171659,1.3643390132961,0.725221587531361,0,0,0,0
"result.208","208",0.686,0.619570366750454,0.177942845505321,0.270802389560026,0.968338343940882,0.595800846077431,0.146120327967895,0.309405003260358,0.882196688894504,0.421412343138003,0,0,0,0
"result.209","209",0.686,0.940182877695138,0.262049715127215,0.426565436045797,1.45380031934448,0.954082464044824,0.238880079035051,0.485877509136124,1.42228741895352,0.760247411124959,0,0,0,0
"result.210","210",0.686,0.882189840805334,0.241102158124129,0.409629610882042,1.35475007072863,0.792159960981108,0.18309272682561,0.433298216402912,1.1510217055593,0.533120193771245,0,0,0,0
"result.211","211",0.686,0.759452200582335,0.237668706768552,0.293621535315974,1.2252828658487,0.898457022832402,0.229080854102001,0.449458548792479,1.34745549687232,0.70324180582996,0,0,0,0
"result.212","212",0.686,0.375561365419773,0.163539984335148,0.055022996122882,0.696099734716664,0.38779984246014,0.14004822967061,0.113305312305746,0.662294372614535,0.27000218115109,0,0,0,0
"result.213","213",0.686,0.672373141453801,0.220897989419665,0.239413082191258,1.10533320071634,0.644885417359817,0.174065776774678,0.303716494881447,0.986054339838187,0.400940769941319,0,0,0,0
"result.214","214",0.686,0.71636326590667,0.228705145455435,0.268101180814017,1.16462535099932,0.875875122639861,0.221086344396638,0.442545887622451,1.30920435765727,0.677495183276293,0,0,0,0
"result.215","215",0.686,0.872847002752716,0.265260134883107,0.352937138381826,1.39275686712361,0.923445586847605,0.241057178196177,0.450973517583098,1.39591765611211,0.692748234725068,0,0,0,0
"result.216","216",0.686,0.893294506596817,0.257293379664947,0.388999482453521,1.39758953074011,0.954397683719179,0.224183018050528,0.514998968340144,1.39379639909821,0.704055812341216,0,0,0,0
"result.217","217",0.686,0.447624840798629,0.162857059079569,0.128425005002675,0.766824676594584,0.438353288296927,0.128873698532011,0.185760839174185,0.69094573741967,0.266233930879426,0,0,0,0
"result.218","218",0.686,0.89757704124481,0.249323253574644,0.408903464238508,1.38625061825111,1.01681119810055,0.241567580516605,0.543338740288001,1.49028365591309,0.864291622146221,0,0,0,0
"result.219","219",0.686,0.753847085893843,0.188971583081105,0.383462783054877,1.12423138873281,0.702363935762329,0.166552958239622,0.37592013761267,1.02880773391199,0.575138304437334,0,0,0,0
"result.220","220",0.686,0.542247898727534,0.231361388767148,0.0887795767439241,0.995716220711145,0.995350659690384,0.259923410542116,0.485900775027837,1.50480054435293,0.757812522402564,0,0,0,0
"result.221","221",0.686,0.37329657669528,0.167252707336085,0.0454812703165534,0.701111883074007,0.434025464007032,0.161508716556308,0.117468379556669,0.750582548457395,0.336939811693024,0,0,0,0
"result.222","222",0.686,0.227451794005143,0.119566818579688,-0.00689917041104551,0.461802758421331,0.542769906934398,0.173990927648735,0.201747688742877,0.883792125125918,0.42971511628504,0,0,0,0
"result.223","223",0.686,0.390820217433955,0.195434003165441,0.0077695712296908,0.77387086363822,0.52943797220961,0.201673957597769,0.134157015317983,0.924718929101238,0.402051304246367,0,0,0,0
"result.224","224",0.686,0.644470605390332,0.188393015050615,0.275220295891126,1.01372091488954,0.524787398257097,0.149849226815868,0.231082913697995,0.818491882816198,0.381374715505236,0,0,0,0
"result.225","225",0.686,0.673808779331825,0.246804213229804,0.190072521401409,1.15754503726224,0.731767486851981,0.217397400409848,0.305668582048679,1.15786639165528,0.518858009294503,0,0,0,0
"result.226","226",0.686,0.714760202330872,0.265795426368178,0.193801166649244,1.2357192380125,0.688508336801298,0.201242988366641,0.294072079602681,1.08294459399992,0.413884368216065,0,0,0,0
"result.227","227",0.686,1.21812535850721,0.32134907610472,0.588281169341953,1.84796954767246,1.22364053326658,0.27809439165614,0.678575525620543,1.76870554091261,0.84356842165217,0,0,0,0
"result.228","228",0.686,0.989161491531351,0.298495023829781,0.40411124482498,1.57421173823772,0.958935808938694,0.243274642827153,0.482117508997474,1.43575410887991,0.625788244123989,0,0,0,0
"result.229","229",0.686,1.16638879190562,0.297334036517033,0.583614080332235,1.749163503479,1.20550878836005,0.265308244905897,0.685504628344487,1.7255129483756,0.922427357990697,0,0,0,0
"result.230","230",0.686,0.382881854557862,0.167168261074479,0.0552320628518826,0.710531646263842,0.64323551383642,0.171040286000723,0.307996553275002,0.978474474397838,0.45966734573557,0,0,0,0
"result.231","231",0.686,0.909223946513801,0.234496696385811,0.449610421597612,1.36883747142999,0.973225327307843,0.219038418225367,0.543910027586123,1.40254062702956,0.794689566431397,0,0,0,0
"result.232","232",0.686,0.817274593772524,0.275656326645477,0.27698819354739,1.35756099399766,0.827408538707016,0.232430424307081,0.371844907065138,1.28297217034889,0.557261469291923,0,0,0,0
"result.233","233",0.686,1.32165700473769,0.368371613714694,0.599648641856893,2.04366536761849,1.48873419837582,0.36106182304643,0.78105302520482,2.19641537154682,1.26755588492782,0,0,0,0
"result.234","234",0.686,0.944367477731461,0.254630893208168,0.445290927043452,1.44344402841947,1.10166421898669,0.241124051001851,0.629061079023058,1.57426735895031,0.897638181762315,0,0,0,0
"result.235","235",0.686,0.593159131934262,0.19425211694588,0.212424982720337,0.973893281148187,0.686921761493496,0.184080514580388,0.326123952915935,1.04771957007106,0.537151795908422,0,0,0,0
"result.236","236",0.686,0.926172452031814,0.287086481602654,0.363482948090612,1.48886195597302,0.86421318823508,0.219787738597902,0.433429220583192,1.29499715588697,0.508787447150161,0,0,0,0
"result.237","237",0.686,0.843222400587335,0.244983647243496,0.363054451990083,1.32339034918459,0.923713303937578,0.230710969673721,0.471519803377084,1.37590680449807,0.725049050786073,0,0,0,0
"result.238","238",0.686,0.762572825768447,0.235641377691845,0.300715725492431,1.22442992604446,0.675069528638603,0.190156442499908,0.302362901338783,1.04777615593842,0.484869196287694,0,0,0,0
"result.239","239",0.686,0.672744734759127,0.188979706377017,0.302344510260174,1.04314495925808,0.684975885092528,0.168165754199552,0.355371006861406,1.01458076332365,0.506083171069354,0,0,0,0
"result.240","240",0.686,0.854929912689258,0.241017372899884,0.382535861805485,1.32732396357303,0.904289158975659,0.214098422120846,0.484656251618801,1.32392206633252,0.658891602351586,0,0,0,0
"result.241","241",0.686,0.363126310021988,0.154363960998585,0.0605729464647616,0.665679673579214,0.398195221101497,0.126791793853313,0.149683305149004,0.646707137053989,0.247542590612665,0,0,0,0
"result.242","242",0.686,0.661664921898422,0.218225079097567,0.23394376686719,1.08938607692965,0.784852262892173,0.215173190651163,0.363112809215893,1.20659171656845,0.615830572397753,0,0,0,0
"result.243","243",0.686,1.26915719123974,0.342377656925583,0.598096983665597,1.94021739881388,1.48379109020721,0.3479922214405,0.801726336183832,2.16585584423059,1.24654772963082,0,0,0,0
"result.244","244",0.686,0.408964636454721,0.155604975940088,0.103978883612149,0.713950389297293,0.826936918383755,0.16778036773834,0.498087397616608,1.1557864391509,0.555880770714372,0,0,0,0
"result.245","245",0.686,0.846441786563066,0.236969012168301,0.381982522713195,1.31090105041294,0.825304663974293,0.194952444665929,0.443197872429071,1.20741145551951,0.546682892746424,0,0,0,0
"result.246","246",0.686,0.76260081049254,0.252813884649415,0.267085596579687,1.25811602440539,0.853112076289185,0.238583296089086,0.385488815954577,1.32073533662379,0.592835231725484,0,0,0,0
"result.247","247",0.686,0.601484318802212,0.227337551187732,0.155902718474256,1.04706591913017,1.19612510769683,0.278390145683781,0.650480422156621,1.74176979323704,0.892779997135895,0,0,0,0
"result.248","248",0.686,0.895522727752308,0.26893378674389,0.368412505734283,1.42263294977033,1.00827485166045,0.246377891476972,0.525374184365581,1.49117551895531,0.721914084099032,0,0,0,0
"result.249","249",0.686,0.615806975182884,0.204028601152937,0.215910916923127,1.01570303344264,0.641328561648652,0.183756333483084,0.281166148021808,1.0014909752755,0.489937862673886,0,0,0,0
"result.250","250",0.686,0.595546109951364,0.221513432930594,0.161379781407401,1.02971243849533,1.13595974609551,0.256765774779232,0.632698827528218,1.63922066466281,0.954867084586442,0,0,0,0
"result.251","251",0.686,0.488335202393121,0.182213883865734,0.131195990016282,0.84547441476996,0.440424339985983,0.137487502885788,0.170948834329837,0.709899845642127,0.261307663981022,0,0,0,0
"result.252","252",0.686,1.30765469031526,0.342183749263491,0.636974541758817,1.9783348388717,1.37625811307043,0.314656766763362,0.759530850214236,1.99298537592662,1.10005659767191,0,0,0,0
"result.253","253",0.686,1.40025575359381,0.314170428890417,0.784481712968596,2.01602979421903,1.3475848253842,0.269622961834551,0.81912382018848,1.87604583057992,1.00065391217272,0,0,0,0
"result.254","254",0.686,0.625806814225198,0.22156108212802,0.191547093254278,1.06006653519612,0.532841749816732,0.1471762283916,0.244376342169195,0.821307157464269,0.279273160041153,0,0,0,0
"result.255","255",0.686,0.460364663457855,0.18417163031075,0.0993882680487858,0.821341058866925,0.47319187964567,0.144570904618218,0.189832906593963,0.756550852697378,0.301440124625905,0,0,0,0
"result.256","256",0.686,0.878655264634723,0.255818418725927,0.377251163931906,1.38005936533754,0.912546239539684,0.219238963886242,0.482837870322651,1.34225460875672,0.645662450221538,0,0,0,0
"result.257","257",0.686,0.928069542850529,0.30366227197928,0.332891489771139,1.52324759592992,0.928524165325444,0.256592394493255,0.425603072118665,1.43144525853222,0.638294962752908,0,0,0,0
"result.258","258",0.686,0.660894358268201,0.212396050554556,0.244598099181271,1.07719061735513,0.929597418638413,0.226162359684429,0.486319193656932,1.37287564361989,0.734741829853036,0,0,0,0
"result.259","259",0.686,0.535211716601199,0.221561027698891,0.100952102311373,0.969471330891024,1.10038488020214,0.258439388253817,0.593843679224661,1.60692608117962,0.779827475217561,0,0,0,0
"result.260","260",0.686,0.675729886917805,0.267973807410706,0.150501224392821,1.20095854944279,0.752793447554744,0.237070569081164,0.288135132155662,1.21745176295383,0.515716373286077,0,0,0,0
"result.261","261",0.686,0.860108530260995,0.275736497010641,0.319664996120138,1.40055206440185,0.8792016357058,0.229679009142195,0.429030777787099,1.3293724936245,0.550786202050994,0,0,0,0
"result.262","262",0.686,0.683101005161045,0.236000918734044,0.220539204442319,1.14566280587977,1.02433400838447,0.261064866607849,0.512646869833089,1.53602114693586,0.719841640530623,0,0,0,0
"result.263","263",0.686,0.772972408130577,0.224041990614161,0.333850106526823,1.21209470973433,0.781205106597409,0.192108764529417,0.404671928119751,1.15773828507507,0.54493684068713,0,0,0,0
"result.264","264",0.686,0.48242317839985,0.202941567963865,0.0846577051906753,0.880188651609025,0.499196725020347,0.178456106975561,0.149422755348247,0.848970694692447,0.352043088818242,0,0,0,0
"result.265","265",0.686,0.719921763539596,0.221541352151104,0.285700713323432,1.15414281375576,0.878810213370718,0.223254954681041,0.441230502195877,1.31638992454556,0.739261720916318,0,0,0,0
"result.266","266",0.686,0.660655728066927,0.253701102292608,0.163401567573416,1.15790988856044,1.09025666253514,0.279731712579685,0.541982505878959,1.63853081919133,0.89160075128736,0,0,0,0
"result.267","267",0.686,0.304200530133588,0.152685593666265,0.00493676654770897,0.603464293719467,0.317633044046038,0.122900746209229,0.0767475814759488,0.558518506616127,0.197659401488332,0,0,0,0
"result.268","268",0.686,0.896903084441709,0.234130844564452,0.438006629095382,1.35579953978803,0.872745986297011,0.207706396698523,0.465641448767907,1.27985052382611,0.709392341094814,0,0,0,0
"result.269","269",0.686,0.569825858336192,0.187820296140976,0.201698077899879,0.937953638772505,0.908083421336258,0.207075919925586,0.50221461828211,1.31395222439041,0.671720123845105,0,0,0,0
"result.270","270",0.686,0.752045948630176,0.24611098073516,0.269668426389261,1.23442347087109,0.703589990446064,0.210042250250421,0.291907179955238,1.11527280093689,0.516974210688225,0,0,0,0
"result.271","271",0.686,0.819996242939384,0.258089291821277,0.31414123096968,1.32585125490909,1.01017716043408,0.25164488882949,0.516953178328276,1.50340114253987,0.755872502794693,0,0,0,0
"result.272","272",0.686,0.269922490901114,0.138866429620127,-0.00225571115433382,0.542100692956562,0.424451184242134,0.138106136098062,0.153763157489931,0.695139210994336,0.287016884957042,0,0,0,0
"result.273","273",0.686,0.314784053284166,0.169176000001786,-0.0168009067193356,0.646369013287667,0.551566433031148,0.19184926253677,0.175541878459079,0.927590987603216,0.42073247130335,0,0,0,0
"result.274","274",0.686,0.833171910492236,0.24568280737832,0.351633608030729,1.31471021295374,1.15373580599888,0.255660984490129,0.652640276398232,1.65483133559954,0.921174198721327,0,0,0,0
"result.275","275",0.686,1.19143598008225,0.29675479509022,0.609796581705418,1.77307537845908,1.27488873124757,0.269656282506194,0.746362417535431,1.80341504495971,0.930317603198246,0,0,0,0
"result.276","276",0.686,0.561006535985148,0.214851916762072,0.139896779131488,0.982116292838808,0.415585209956455,0.124520870330657,0.171524304108368,0.659646115804542,0.173607594977769,0,0,0,0
"result.277","277",0.686,1.07209010790502,0.305671629682693,0.472973713726939,1.67120650208309,1.22495481585406,0.288179369432288,0.660123251766772,1.78978637994134,0.903198320831766,0,0,0,0
"result.278","278",0.686,0.494076977260038,0.196367500158621,0.109196676949141,0.878957277570934,0.554802984114452,0.178379754645596,0.205178665009084,0.90442730321982,0.429334160276741,0,0,0,0
"result.279","279",0.686,0.732712436887571,0.258979797382466,0.225112034017938,1.2403128397572,0.771663612995768,0.229978443643487,0.320905863454532,1.222421362537,0.565233874202025,0,0,0,0
"result.280","280",0.686,1.40470545315185,0.313065468973484,0.791097133963826,2.01831377233988,1.97316744381728,0.341656824484106,1.30352006782843,2.64281481980613,1.62884541407201,0,0,0,0
"result.281","281",0.686,0.507490851842874,0.217444803661993,0.0812990366653684,0.93368266702038,0.670532667260531,0.205155638061624,0.268427616659749,1.07263771786131,0.520087098335925,0,0,0,0
"result.282","282",0.686,0.634001295143075,0.177702137657269,0.285705105334827,0.982297484951322,0.607148738874788,0.139578300702073,0.333575269498725,0.880722208250851,0.378299980033476,0,0,0,0
"result.283","283",0.686,1.26951747298895,0.290147100413981,0.700829156177548,1.83820578980035,1.23526512380222,0.243594395285879,0.757820109041901,1.71271013856255,0.877093140327607,0,0,0,0
"result.284","284",0.686,0.335273343184813,0.16299059683998,0.0158117733784514,0.654734912991175,0.537033372355312,0.1609043617008,0.221660823421744,0.852405921288879,0.361281479785028,0,0,0,0
"result.285","285",0.686,0.729885120574209,0.238731659350115,0.261971068247985,1.19779917290043,0.80550136847642,0.222349625460943,0.369696102572972,1.24130663437987,0.616603946173047,0,0,0,0
"result.286","286",0.686,0.917766051051679,0.2503405236911,0.427098624617124,1.40843347748623,0.990516460540732,0.229356575765236,0.540977572040869,1.44005534904059,0.781197464039197,0,0,0,0
"result.287","287",0.686,0.848742833690459,0.238609704059701,0.381067813733445,1.31641785364747,0.885848374657473,0.212439387204589,0.469467175736479,1.30222957357847,0.666503997879482,0,0,0,0
"result.288","288",0.686,1.1506585660757,0.325287626468767,0.513094818196913,1.78822231395448,1.2743479976923,0.304081541928343,0.678348175512747,1.87034781987185,1.03316176726374,0,0,0,0
"result.289","289",0.686,0.989465918640005,0.285772280321091,0.429352249210667,1.54957958806934,1.15488792820726,0.278312423952356,0.609395577260641,1.70038027915388,0.952972440363009,0,0,0,0
"result.290","290",0.686,0.868389714556443,0.22579056922005,0.425840198885145,1.31093923022774,0.928742009497385,0.211750543477451,0.513710944281581,1.34377307471319,0.723046955540154,0,0,0,0
"result.291","291",0.686,0.503237845427508,0.216316671444234,0.0792571693968084,0.927218521458207,1.57753891240255,0.312429772621266,0.965176558064869,2.18990126674023,1.12167542201692,0,0,0,0
"result.292","292",0.686,0.496249372465965,0.218919089703913,0.0671679566462964,0.925330788285633,0.683456706331421,0.223008187794661,0.246360658253885,1.12055275440896,0.465082050278123,0,0,0,0
"result.293","293",0.686,0.596330451404684,0.228788256776203,0.147905468123327,1.04475543468604,0.582955762612589,0.1865017295391,0.217412372715954,0.948499152509224,0.38723953235614,0,0,0,0
"result.294","294",0.686,0.75676434580773,0.244846644448225,0.276864922689208,1.23666376892625,0.83888018229104,0.211896801387977,0.423562451570606,1.25419791301148,0.580058427739695,0,0,0,0
"result.295","295",0.686,0.369676199213299,0.153923143378935,0.0679868381905862,0.671365560236012,0.444149708532739,0.13830062896583,0.173080475759711,0.715218941305766,0.317357572930313,0,0,0,0
"result.296","296",0.686,0.832563197981435,0.261157303393964,0.320694883329266,1.34443151263361,1.83391600693485,0.30355040903482,1.2389572052266,2.42887480864309,1.47630822716865,0,0,0,0
"result.297","297",0.686,0.988831354992374,0.268297548650078,0.462968159638222,1.51469455034653,1.01718236030187,0.24608227951992,0.534861092442824,1.49950362816091,0.808292714287118,0,0,0,0
"result.298","298",0.686,0.535464502575822,0.218821941280421,0.106573497666197,0.964355507485446,0.629920285393838,0.205611224281854,0.226922285801405,1.03291828498627,0.464711893251546,0,0,0,0
"result.299","299",0.686,1.00852097179899,0.332243337445031,0.357324030406728,1.65971791319125,1.40448539105081,0.351254019755474,0.716027512330083,2.09294326977154,1.10057503763591,0,0,0,0
"result.300","300",0.686,0.543163611468413,0.199183908643636,0.152763150526886,0.93356407240994,0.565582732205198,0.163673377648349,0.244782912014434,0.886382552395963,0.367481537791967,0,0,0,0
"result.301","301",0.686,0.575529321718421,0.186267454087624,0.210445111706677,0.940613531730164,0.583208009677058,0.156799525460768,0.275880939773953,0.890535079580163,0.43596693642902,0,0,0,0
"result.302","302",0.686,0.848137871199081,0.288018659352282,0.283621298868608,1.41265444352955,0.865248669326039,0.230835752053382,0.41281059530141,1.31768674335067,0.523637548185076,0,0,0,0
"result.303","303",0.686,0.57927037578533,0.178714590373791,0.228989778652699,0.929550972917962,0.77173246006723,0.194479958080426,0.390551742229594,1.15291317790487,0.614559489098376,0,0,0,0
"result.304","304",0.686,0.574949281749404,0.202893401920311,0.177278213985594,0.972620349513214,0.702967083504091,0.181866148038671,0.346509433348295,1.05942473365989,0.45487761889598,0,0,0,0
"result.305","305",0.686,0.371228142172202,0.143924805660681,0.0891355230772679,0.653320761267136,0.391356574825092,0.12049677823356,0.155182889487315,0.627530260162869,0.255592014538671,0,0,0,0
"result.306","306",0.686,0.731586645468604,0.247068925160224,0.247331552154565,1.21584173878264,1.05171671806788,0.272366811061191,0.517877768387947,1.58555566774782,0.868149776981165,0,0,0,0
"result.307","307",0.686,0.473454213688295,0.201714379314888,0.0780940302311151,0.868814397145475,0.63911468826168,0.189087611753474,0.268502969224872,1.00972640729849,0.439372167269195,0,0,0,0
"result.308","308",0.686,0.62878878377731,0.213859384214997,0.209624390715916,1.0479531768387,0.674280552851546,0.194650173244343,0.292766213292633,1.05579489241046,0.505811291891487,0,0,0,0
"result.309","309",0.686,0.676014198151314,0.18100692483303,0.321240625478574,1.03078777082405,0.794700266993918,0.171968452324626,0.457642100437651,1.13175843355019,0.592413304840455,0,0,0,0
"result.310","310",0.686,1.16071504215862,0.279048163080233,0.613780642521361,1.70764944179587,1.20828009806164,0.258899653037221,0.700836778108688,1.71572341801459,1.00120378669771,0,0,0,0
"result.311","311",0.686,1.22142957858993,0.270224773592199,0.691789022349218,1.75107013483064,1.20656567108022,0.243613565937775,0.729083081842179,1.68404826031826,1.0128471105043,0,0,0,0
"result.312","312",0.686,0.765415997084156,0.249926081826498,0.275560876704219,1.25527111746409,0.731427823357053,0.204179245860506,0.331236501470462,1.13161914524365,0.490179161695301,0,0,0,0
"result.313","313",0.686,0.86236102166185,0.277001586494813,0.319437912132016,1.40528413119168,0.917404184405261,0.239302706876111,0.448370878928083,1.38643748988244,0.634887305590352,0,0,0,0
"result.314","314",0.686,0.925139536429972,0.247967480313845,0.439123275014835,1.41115579784511,0.971712533898215,0.217080937662468,0.546233896079779,1.39719117171665,0.700270480028097,0,0,0,0
"result.315","315",0.686,0.451291058150238,0.169651360333726,0.118774391896136,0.783807724404341,0.516078669482253,0.155707244803576,0.210892469667245,0.821264869297261,0.400816608681018,0,0,0,0
"result.316","316",0.686,1.37948878984059,0.314741608642225,0.762595236901831,1.99638234277935,1.51772452633635,0.294537414414522,0.940431194083884,2.09501785858881,1.21479270976911,0,0,0,0
"result.317","317",0.686,0.643808140923762,0.231774138216184,0.18953083002004,1.09808545182748,0.978380928011075,0.244722925034786,0.498723994942895,1.45803786107925,0.767166045117603,0,0,0,0
"result.318","318",0.686,0.614019082475181,0.204986316839548,0.212245901469666,1.0157922634807,0.641031805157115,0.173040079432885,0.301873249468661,0.980190360845569,0.448832372578649,0,0,0,0
"result.319","319",0.686,1.32666891683662,0.337006388734202,0.666136394917582,1.98720143875565,1.36667381190699,0.301445002377817,0.775841607246472,1.95750601656751,1.0550109551998,0,0,0,0
"result.320","320",0.686,0.615412127526702,0.238469677169428,0.148011560274624,1.08281269477878,1.00731331372517,0.264136372884981,0.489606022870609,1.52502060457973,0.756934747464667,0,0,0,0
"result.321","321",0.686,0.586260516653968,0.207561891756403,0.179439208811417,0.993081824496518,0.691310900746454,0.212998386396791,0.273834063408744,1.10878773808417,0.568015665298126,0,0,0,0
"result.322","322",0.686,1.13985146088196,0.325221304570545,0.502417703923688,1.77728521784022,1.22543868383549,0.312205986499207,0.613514950297041,1.83736241737393,0.962820162618766,0,0,0,0
"result.323","323",0.686,1.05498565964659,0.285950852950487,0.494521987863631,1.61544933142954,1.16905782596983,0.264395502113185,0.65084264182799,1.68727301011168,0.920072612217977,0,0,0,0
"result.324","324",0.686,0.713793770628928,0.209345099191785,0.30347737621303,1.12411016504483,0.793417811771687,0.198071722277022,0.405197236108724,1.18163838743465,0.594395388104811,0,0,0,0
"result.325","325",0.686,0.717843883809991,0.22744608285985,0.272049561404684,1.1636382062153,0.801653541240263,0.208596969417128,0.392803481182692,1.21050360129783,0.575341857649849,0,0,0,0
"result.326","326",0.686,1.01528944801331,0.298124619411496,0.43096519396678,1.59961370205984,0.986667384893711,0.243661538727681,0.509090768987457,1.46424400079997,0.666880865462198,0,0,0,0
"result.327","327",0.686,0.564260300392298,0.228853187503367,0.1157080528857,1.0128125478989,0.625338219646793,0.204493605787731,0.22453075230284,1.02614568699075,0.41900836991811,0,0,0,0
"result.328","328",0.686,0.770239264490122,0.251536271819266,0.27722817172436,1.26325035725588,0.982500345795036,0.249995881874086,0.492508417321828,1.47249227426824,0.76208237807604,0,0,0,0
"result.329","329",0.686,0.526157291551831,0.201355322548264,0.131500859357232,0.920813723746429,0.33776654414465,0.11175857338837,0.118719740303444,0.556813347985856,0.150267858281199,0,0,0,0
"result.330","330",0.686,0.592107993839066,0.212817869202678,0.174984970201818,1.00923101747631,0.749105074295939,0.212589748099276,0.332429168021358,1.16578098057052,0.580634001712649,0,0,0,0
"result.331","331",0.686,0.306730641755965,0.153700186382626,0.00547827644601878,0.607983007065912,0.518120935432559,0.171239956018597,0.182490621636108,0.85375124922901,0.361812747988053,0,0,0,0
"result.332","332",0.686,0.575093318113344,0.188477275307612,0.205677858510425,0.944508777716262,0.495118726563505,0.141798232447595,0.217194190966219,0.773043262160792,0.319392958807926,0,0,0,0
"result.333","333",0.686,1.09329060918972,0.251324524981982,0.600694540225031,1.5858866781544,1.11332878000759,0.220862788018364,0.680437715491599,1.54621984452359,0.809462328983216,0,0,0,0
"result.334","334",0.686,0.687191135986774,0.195134258955244,0.304727988434495,1.06965428353905,0.720493471863047,0.180451813641989,0.366807917124749,1.07417902660134,0.580880386864796,0,0,0,0
"result.335","335",0.686,0.181068468083198,0.0967702118201087,-0.00860114708421536,0.370738083250611,0.330347097220151,0.111241895290049,0.112312982451654,0.548381211988648,0.229170056666836,0,0,0,0
"result.336","336",0.686,0.656126117146665,0.264272539459934,0.138151939805194,1.17410029448814,0.704723692152481,0.228449997035896,0.256961697962125,1.15248568634284,0.47599297492538,0,0,0,0
"result.337","337",0.686,0.928042207098178,0.279661420811153,0.379905822308318,1.47617859188804,0.884066704298534,0.234610793280316,0.424229549469114,1.34390385912795,0.620793505341507,0,0,0,0
"result.338","338",0.686,0.355407595588409,0.163578935913978,0.0347928811970117,0.676022309979807,0.471235968050142,0.152054781774232,0.173208595772647,0.769263340327638,0.320030229376187,0,0,0,0
"result.339","339",0.686,0.637464376401314,0.240971917599726,0.16515941790585,1.10976933489678,0.641574459707654,0.201512259014721,0.2466104320388,1.03653848737651,0.426239699114136,0,0,0,0
"result.340","340",0.686,0.339216103327343,0.175510059234942,-0.0047836127731421,0.683215819427829,0.72325814187503,0.20929573200716,0.313038507140997,1.13347777660906,0.489549835327992,0,0,0,0
"result.341","341",0.686,1.15926194784235,0.311127544434623,0.549451960750491,1.76907193493421,1.23024645957112,0.292243958590716,0.657448300733317,1.80304461840892,1.00749519103441,0,0,0,0
"result.342","342",0.686,0.978280781323913,0.308661826886482,0.373303600626408,1.58325796202142,0.992956093711117,0.26659853410754,0.470422966860339,1.51548922056189,0.682459795702914,0,0,0,0
"result.343","343",0.686,0.572482460960505,0.196204463058823,0.187921713365212,0.957043208555799,0.570194757371147,0.152293968353437,0.271698579398411,0.868690935343883,0.327236337062603,0,0,0,0
"result.344","344",0.686,0.783485035427258,0.260920981637145,0.272079911418454,1.29489015943606,0.849428460141064,0.239683576444739,0.379648650309376,1.31920826997275,0.637652126917681,0,0,0,0
"result.345","345",0.686,1.18388807290925,0.323130474570754,0.550552342750573,1.81722380306793,1.24520511095069,0.299313238916541,0.658551162674268,1.83185905922711,0.975313294676771,0,0,0,0
"result.346","346",0.686,0.785939272342153,0.233872080962476,0.3275499936557,1.24432855102861,0.896990587190084,0.22308569324321,0.459742628433392,1.33423854594678,0.714847737592106,0,0,0,0
"result.347","347",0.686,0.609516792529531,0.207375539585688,0.203060734941582,1.01597285011748,0.659182796737367,0.182433848424208,0.30161245382592,1.01675313964881,0.48206915494163,0,0,0,0
"result.348","348",0.686,0.526100198195906,0.172137035213042,0.188711609178344,0.863488787213467,0.560734627059731,0.150526367431287,0.265702946894407,0.855766307225054,0.387103278802933,0,0,0,0
"result.349","349",0.686,1.05311147156542,0.271487846126928,0.520995293156642,1.5852276499742,1.25827419119653,0.273885836705117,0.721457951254501,1.79509043113856,1.0110106435392,0,0,0,0
"result.350","350",0.686,1.05241597062393,0.296470735276471,0.471333329482049,1.63349861176582,1.08890535870992,0.261456429906413,0.576450756093352,1.60135996132649,0.817253053529526,0,0,0,0
"result.351","351",0.686,1.17954052181675,0.333640082925017,0.525605959283719,1.83347508434978,1.15955450965624,0.274349758414717,0.62182898316339,1.69728003614908,0.816955905601115,0,0,0,0
"result.352","352",0.686,0.581262844777074,0.223973479500379,0.14227482495633,1.02025086459782,0.647063469021009,0.20505546855797,0.245154750647388,1.04897218739463,0.485172763246269,0,0,0,0
"result.353","353",0.686,0.518904899949478,0.227803977282858,0.072409104475076,0.965400695423881,0.79895478624206,0.246226963343775,0.316349938088261,1.28155963439586,0.645117433169632,0,0,0,0
"result.354","354",0.686,1.47271912244112,0.310099777146545,0.864923559233887,2.08051468564834,1.51521501523558,0.288178466140591,0.950385221600018,2.08004480887113,1.2428735227817,0,0,0,0
"result.355","355",0.686,1.05261013314525,0.295655696686108,0.473124967640483,1.63209529865003,1.19008833996205,0.285890441707114,0.629743074216108,1.750433605708,1.01769154876454,0,0,0,0
"result.356","356",0.686,0.605423584354672,0.211828022625757,0.190240660008188,1.02060650870116,0.60409481674882,0.175874373496171,0.259381044696325,0.948808588801315,0.408093919052675,0,0,0,0
"result.357","357",0.686,0.75847546902899,0.236334786020658,0.2952592884285,1.22169164962948,0.740599155345506,0.18966464070836,0.36885645955712,1.11234185113389,0.472239784679709,0,0,0,0
"result.358","358",0.686,1.19617489855236,0.316318140952077,0.576191342286286,1.81615845481843,1.22005592269962,0.292336946757045,0.64707550705581,1.79303633834343,0.959345591765834,0,0,0,0
"result.359","359",0.686,0.336722691303528,0.164632950272759,0.0140421087689203,0.659403273838135,0.542298020163497,0.200497251845208,0.149323406546889,0.935272633780106,0.455302825419395,0,0,0,0
"result.360","360",0.686,0.518720983960931,0.189314078137129,0.147665390812158,0.889776577109704,0.564628586749206,0.156080938834919,0.258709946632766,0.870547226865647,0.357212115372825,0,0,0,0
"result.361","361",0.686,0.354643003205402,0.157734239184748,0.0454838944032959,0.663802112007509,0.700992499301237,0.174421007060818,0.359127325462033,1.04285767314044,0.481997344585909,0,0,0,0
"result.362","362",0.686,0.376403718597549,0.156421746188455,0.0698170960681772,0.68299034112692,0.369842172921691,0.1309555768953,0.113169242206902,0.62651510363648,0.261607875218115,0,0,0,0
"result.363","363",0.686,0.659891469789998,0.220448107614784,0.227813178865022,1.09196976071497,0.681560548052171,0.186890133157388,0.315255887063691,1.04786520904065,0.462854721967187,0,0,0,0
"result.364","364",0.686,1.37064615807166,0.334865552510802,0.714309675150488,2.02698264099283,1.34886016995262,0.277115682526897,0.805713432199901,1.89200690770534,0.890718892714509,0,0,0,0
"result.365","365",0.686,0.580249945786016,0.217333286900329,0.154276703461371,1.00622318811066,0.611631858270212,0.182848710289745,0.253248386102311,0.970015330438113,0.418433560966511,0,0,0,0
"result.366","366",0.686,1.26023013584143,0.338156757959326,0.597442890241146,1.92301738144171,1.3367166253667,0.295530386757267,0.757477067322452,1.91595618341094,0.9218524420802,0,0,0,0
"result.367","367",0.686,0.290304961377932,0.158032693779555,-0.0194391184299968,0.600049041185861,0.509736142255055,0.169073013226431,0.17835303633125,0.84111924817886,0.320325466243532,0,0,0,0
"result.368","368",0.686,0.699935971124719,0.22495545183159,0.259023285534804,1.14084865671463,0.747852794371336,0.205111583295315,0.345834091112519,1.14987149763015,0.540939993042195,0,0,0,0
"result.369","369",0.686,0.756926736129807,0.220024088080209,0.325679523492597,1.18817394876702,0.779727612418256,0.191526160936505,0.404336336982706,1.15511888785381,0.557698549659698,0,0,0,0
"result.370","370",0.686,0.834706577118929,0.237017453082291,0.37015236907764,1.29926078516022,0.899374003546865,0.219471545996532,0.469209773393663,1.32953823370007,0.707202020693631,0,0,0,0
"result.371","371",0.686,0.404251222734973,0.165506762371604,0.0798579684866297,0.728644476983316,0.578904949145781,0.167469645075327,0.25066444479814,0.907145453493423,0.462393552514766,0,0,0,0
"result.372","372",0.686,0.403405070128279,0.139913359106975,0.129174886278607,0.67763525397795,0.429532103425042,0.117914543720928,0.198419597732023,0.660644609118062,0.276902088766243,0,0,0,0
"result.373","373",0.686,0.584744035704633,0.221170137786616,0.151250565642866,1.0182375057664,0.576385905336814,0.184108596137097,0.215533056908104,0.937238753765525,0.402474229680061,0,0,0,0
"result.374","374",0.686,0.498960248590144,0.220738805086665,0.0663121906202814,0.931608306560007,0.785930600783366,0.220815041188094,0.353133120054701,1.21872808151203,0.557263449651376,0,0,0,0
"result.375","375",0.686,0.783977595745883,0.273286058288676,0.248336921500077,1.31961826999169,0.828330968351533,0.250148349145666,0.338040204026028,1.31862173267704,0.64466216865547,0,0,0,0
"result.376","376",0.686,0.845941726197975,0.248338293304119,0.359198671321902,1.33268478107405,1.00346600508831,0.235332731676209,0.542213851002944,1.46471815917368,0.809890810961813,0,0,0,0
"result.377","377",0.686,0.754454139199734,0.223449055008852,0.316493991382383,1.19241428701708,0.778288734536198,0.196351539826355,0.393439716476542,1.16313775259585,0.573426127982628,0,0,0,0
"result.378","378",0.686,0.434424124359768,0.168582408815957,0.104002603080492,0.764845645639044,0.501839379431381,0.156368737723636,0.195356653493054,0.808322105369708,0.355865475233109,0,0,0,0
"result.379","379",0.686,0.722770149008709,0.239744727898316,0.25287048232801,1.19266981568941,0.813875496859816,0.222169410627437,0.378423452030041,1.24932754168959,0.599872477459804,0,0,0,0
"result.380","380",0.686,0.310000722103771,0.161586345556513,-0.00670851518699445,0.626709959394537,0.496583744968258,0.174937829429405,0.153705599286625,0.839461890649891,0.308018648917505,0,0,0,0
"result.381","381",0.686,0.708594520588695,0.229517730498455,0.258739768811723,1.15844927236567,0.74716468456734,0.203922617970913,0.34747635334435,1.14685301579033,0.550009151017919,0,0,0,0
"result.382","382",0.686,0.597017441305319,0.20353314411572,0.198092478838507,0.99594240377213,0.704772605190461,0.188379700441653,0.335548392324822,1.0739968180561,0.512256461064826,0,0,0,0
"result.383","383",0.686,0.438000853860252,0.177548303951854,0.0900061781146179,0.785995529605887,0.504055630723297,0.16564446572865,0.179392477895143,0.82871878355145,0.387550120835244,0,0,0,0
"result.384","384",0.686,1.45079717871905,0.358801780906424,0.747545688142464,2.15404866929564,1.50049111380595,0.324688110420701,0.864102417381373,2.13687981023052,1.16981401696466,0,0,0,0
"result.385","385",0.686,0.337289959523307,0.166997311681653,0.00997522862726619,0.664604690419348,0.329059369068376,0.122262293199756,0.0894252743968548,0.568693463739898,0.176447071616189,0,0,0,0
"result.386","386",0.686,0.55383483160108,0.207003476086201,0.148108018472125,0.959561644730034,0.904932781531347,0.213291417201006,0.486881603817376,1.32298395924532,0.700029187091916,0,0,0,0
"result.387","387",0.686,0.666621316382064,0.217111457829097,0.241082859037034,1.09215977372709,0.623113500828575,0.17922366433795,0.271835118726194,0.974391882930956,0.414450813517294,0,0,0,0
"result.388","388",0.686,1.94427080610041,0.338437195683457,1.28093390256083,2.60760770963998,2.03142964284814,0.331224201457814,1.38223020799082,2.68062907770546,1.73857856880613,0,0,0,0
"result.389","389",0.686,0.494163828497049,0.164687856926314,0.171375628921474,0.816952028072625,0.590877821138928,0.15843880484531,0.28033776364212,0.901417878635736,0.453999452546214,0,0,0,0
"result.390","390",0.686,0.873307598015947,0.235442725717269,0.411839855610099,1.33477534042179,0.943913559317502,0.222491662788923,0.507829900251212,1.37999721838379,0.775934181738406,0,0,0,0
"result.391","391",0.686,1.38622820247957,0.338235458238968,0.723286704331194,2.04916970062795,1.4233658885383,0.309749177501567,0.816257500635229,2.03047427644137,1.17888350095121,0,0,0,0
"result.392","392",0.686,0.721309421348656,0.24247415467852,0.246060078178757,1.19655876451856,0.673687223223451,0.191149969314933,0.299033283366183,1.04834116308072,0.42247702253599,0,0,0,0
"result.393","393",0.686,0.648655159319646,0.216857554326741,0.223614352839234,1.07369596580006,0.603942894848829,0.168333393233988,0.274009444110212,0.933876345587445,0.361075433624936,0,0,0,0
"result.394","394",0.686,0.527779692407501,0.222307976219575,0.0920560590171335,0.963503325797868,0.619188376431202,0.20357287417168,0.220185543054708,1.0181912098077,0.451791497718837,0,0,0,0
"result.395","395",0.686,0.821550691008541,0.198717849617684,0.43206370575788,1.2110376762592,0.851376738165522,0.185260676855602,0.488265811528543,1.2144876648025,0.667147373539848,0,0,0,0
"result.396","396",0.686,0.865049561205979,0.257503853736832,0.360342007881788,1.36975711453017,0.886680757415185,0.227935786009707,0.439926616836159,1.33343489799421,0.669049702602642,0,0,0,0
"result.397","397",0.686,0.799176342434975,0.254712601329201,0.299939643829741,1.29841304104021,1.33074309800976,0.289848403368691,0.762640227407125,1.89884596861239,1.18630467180179,0,0,0,0
"result.398","398",0.686,1.45005073422059,0.318213498516482,0.826352277128289,2.0737491913129,1.38558782607602,0.290978652315501,0.815269667537644,1.95590598461441,1.14579801063007,0,0,0,0
"result.399","399",0.686,1.13356048692526,0.262624211809107,0.618817031779414,1.64830394207111,1.1997670760017,0.253857478832233,0.702206417490524,1.69732773451288,1.0046668245345,0,0,0,0
"result.400","400",0.686,0.945832148619581,0.349194029924765,0.261411849967042,1.63025244727212,1.10619429568053,0.330574679007392,0.45826792482604,1.75412066653502,0.916322797549693,0,0,0,0
"result.401","401",0.686,1.22302734737482,0.298499580235547,0.637968170113148,1.80808652463649,1.41501022469675,0.298196502725395,0.830545079354973,1.99947537003852,1.23274689386366,0,0,0,0
"result.402","402",0.686,1.29838642451697,0.33880329400255,0.634331968271973,1.96244088076197,1.71750717953135,0.36993455949063,0.992435442929719,2.44257891613299,1.51933040524523,0,0,0,0
"result.403","403",0.686,1.26782126365353,0.306011307617437,0.66803910072335,1.8676034265837,1.32912500695366,0.27614367771511,0.787883398632044,1.87036661527528,1.03380541262027,0,0,0,0
"result.404","404",0.686,0.978230175250292,0.269759536757209,0.449501483206162,1.50695886729442,0.962606152186804,0.22427293538418,0.523031198833811,1.4021811055398,0.691850844513,0,0,0,0
"result.405","405",0.686,0.537634068471803,0.228689278966104,0.0894030816982395,0.985865055245366,0.535961182102251,0.18782843289747,0.167817453623211,0.904104910581292,0.350373656055695,0,0,0,0
"result.406","406",0.686,1.39425897084278,0.323230547447856,0.760727097844984,2.02779084384058,1.44488069211178,0.296328340291538,0.864077145140366,2.02568423908319,1.1499803291065,0,0,0,0
"result.407","407",0.686,1.00912576092382,0.269224250136663,0.481446230655964,1.53680529119168,1.03440587164508,0.232753668846355,0.578208680706221,1.49060306258393,0.742489642098061,0,0,0,0
"result.408","408",0.686,0.777232385502021,0.232475555902819,0.321580295932496,1.23288447507155,0.765831015776602,0.205730623324821,0.362598994059953,1.16906303749325,0.584544646695327,0,0,0,0
"result.409","409",0.686,1.10405465549816,0.268661197453053,0.577478708490171,1.63063060250614,1.19676421850454,0.256496571665499,0.694030938040165,1.69949749896892,0.997261605533377,0,0,0,0
"result.410","410",0.686,0.310401968931918,0.156835870999765,0.00300366177237849,0.617800276091457,0.953996051628022,0.202039877563255,0.557997891604043,1.349994211652,0.677666711596618,0,0,0,0
"result.411","411",0.686,0.535279303376358,0.197798894958477,0.147593469257743,0.922965137494972,0.548559125424548,0.163751303324192,0.227606570909131,0.869511679939965,0.406488163391811,0,0,0,0
"result.412","412",0.686,0.581860615699965,0.209703311822514,0.170842124527837,0.992879106872093,0.641062936734805,0.195005716190983,0.258851733000478,1.02327414046913,0.50366195006199,0,0,0,0
"result.413","413",0.686,0.512528770755796,0.202802770937393,0.115035339718506,0.910022201793087,0.565598491607724,0.194675928050778,0.1840336726282,0.947163310587249,0.440599483780564,0,0,0,0
"result.414","414",0.686,0.989986171427644,0.271465789732864,0.457913223551229,1.52205911930406,0.950477097550924,0.240828005118223,0.478454207519207,1.42249998758264,0.709423634927853,0,0,0,0
"result.415","415",0.686,0.471678021875455,0.189362604188,0.100527317666976,0.842828726083934,0.593878281756382,0.192603215050353,0.21637598025769,0.971380583255073,0.442971790496222,0,0,0,0
"result.416","416",0.686,0.825222068568264,0.243292775876062,0.348368227851182,1.30207590928535,0.919014860847863,0.224422584808586,0.479146594623035,1.35888312707269,0.695146316645638,0,0,0,0
"result.417","417",0.686,0.829012954206203,0.250972320221583,0.337107206571901,1.3209187018405,0.754549462415368,0.184164006304368,0.393588010058807,1.11551091477193,0.440673426033583,0,0,0,0
"result.418","418",0.686,0.116862864508534,0.0928426707482685,-0.0651087701580727,0.29883449917514,0.237700077812125,0.0925205947675095,0.0563597120678059,0.419040443556443,0.111572297056998,0,0,0,0
"result.419","419",0.686,0.395952649537075,0.161395049710001,0.0796183521054721,0.712286946968678,0.502776491302437,0.153079727803183,0.202740224808199,0.802812757796676,0.337571935308451,0,0,0,0
"result.420","420",0.686,0.463608305590662,0.192517564831609,0.0862738785207086,0.840942732660615,0.600877582878046,0.181853300098439,0.244445114685106,0.957310051070986,0.410119114446039,0,0,0,0
"result.421","421",0.686,0.68055414862618,0.227473338583304,0.234706405002903,1.12640189224946,0.861315727057364,0.221750259091253,0.426685219238509,1.29594623487622,0.636901313314711,0,0,0,0
"result.422","422",0.686,0.655756836191055,0.233616833455253,0.19786784261876,1.11364582976335,0.763728594146875,0.206493881253791,0.359000586889444,1.16845660140431,0.556145289974687,0,0,0,0
"result.423","423",0.686,0.990203653168881,0.243768658657734,0.512417082199723,1.46799022413804,0.876564404917169,0.204636214343025,0.47547742480484,1.2776513850295,0.674804586165331,0,0,0,0
"result.424","424",0.686,1.01571183402001,0.278204120312932,0.470431758206668,1.56099190983336,1.09650716362449,0.261782199855229,0.583414051908239,1.60960027534074,0.832216277389706,0,0,0,0
"result.425","425",0.686,1.14176373799557,0.250252924546664,0.651268005884111,1.63225947010704,0.895061378716128,0.203211485450333,0.496766867233475,1.29335589019878,0.655361383691912,0,0,0,0
"result.426","426",0.686,0.685376652770278,0.226188551098873,0.242047092616487,1.12870621292407,1.00214402262823,0.240792644151084,0.530190440092105,1.47409760516436,0.784866462314483,0,0,0,0
"result.427","427",0.686,0.565471313494743,0.201509366511457,0.170512955132287,0.960429671857198,0.677366787469442,0.192449635345598,0.300165502192069,1.05456807274681,0.500054175581406,0,0,0,0
"result.428","428",0.686,0.974392229197636,0.248472789498877,0.487385561779837,1.46139889661543,1.01222301683389,0.228979155801356,0.563423871463233,1.46102216220455,0.809652455693344,0,0,0,0
"result.429","429",0.686,0.477509303916632,0.19357181638954,0.0981085437931349,0.85691006404013,0.527361656544417,0.18724457879632,0.160362282103629,0.894361030985204,0.417588107626362,0,0,0,0
"result.430","430",0.686,1.24211585953537,0.328796553345663,0.597674614977868,1.88655710409287,1.25292113176384,0.285217198384185,0.693895422930836,1.81194684059684,0.928222257392338,0,0,0,0
"result.431","431",0.686,0.963372230902942,0.264468189414547,0.445014579650429,1.48172988215545,1.00439656022957,0.24124767191983,0.531551123266701,1.47724199719243,0.763376427155982,0,0,0,0
"result.432","432",0.686,1.18647154411418,0.337798212520814,0.524387047573386,1.84855604065498,1.25401161861801,0.298962645144802,0.668044834134193,1.83997840310182,0.903260171454982,0,0,0,0
"result.433","433",0.686,0.746861086873485,0.239952388133144,0.276554406132522,1.21716776761445,0.891846015080131,0.229382327679354,0.442256652828596,1.34143537733166,0.67623316703845,0,0,0,0
"result.434","434",0.686,0.566072176031854,0.183088431751921,0.207218849798089,0.924925502265619,0.561289327130711,0.148743891577721,0.269751299638377,0.852827354623044,0.360451199818457,0,0,0,0
"result.435","435",0.686,1.22832953756011,0.337935431138836,0.565976092527997,1.89068298259223,1.26013965117864,0.295280702476142,0.681389474325397,1.83888982803188,0.89675337487977,0,0,0,0
"result.436","436",0.686,0.656067818899294,0.249411360345923,0.167221552621285,1.1449140851773,0.65541179820704,0.202849920283753,0.257825954450885,1.0529976419632,0.442083555461383,0,0,0,0
"result.437","437",0.686,0.272774528012174,0.134125824404844,0.00988791217867985,0.535661143845667,0.409389637804129,0.140531671114867,0.133947562418989,0.684831713189269,0.305557054344152,0,0,0,0
"result.438","438",0.686,0.303638670091286,0.157264776839974,-0.00460029251506178,0.611877632697635,1.17766181163254,0.248932478423575,0.68975415392233,1.66556946934275,0.776068665412515,0,0,0,0
"result.439","439",0.686,0.585650637335882,0.192800495436389,0.207761666280559,0.963539608391204,0.741403075507017,0.185190290295254,0.37843010652832,1.10437604448571,0.55456086844209,0,0,0,0
"result.440","440",0.686,0.444549149771588,0.173802544410744,0.103896162726529,0.785202136816647,0.465328496816541,0.149775173462165,0.171769156830698,0.758887836802384,0.324765041029989,0,0,0,0
"result.441","441",0.686,0.9804327275204,0.278859145078464,0.43386880316661,1.52699665187419,0.995606258813053,0.247272609120897,0.510951944936095,1.48026057269001,0.714015223735263,0,0,0,0
"result.442","442",0.686,1.00470582449071,0.312411928288649,0.392378445044954,1.61703320393646,1.0292727432218,0.285719350759201,0.46926281573377,1.58928267070984,0.740109889774053,0,0,0,0
"result.443","443",0.686,0.573750190730442,0.233449034672767,0.11619008277182,1.03131029868906,0.727048876704967,0.221285761085324,0.293328784977731,1.1607689684322,0.542640167280616,0,0,0,0
"result.444","444",0.686,0.401606830243443,0.154560024990121,0.0986691812628051,0.704544479224081,0.399211314064587,0.124328277874412,0.15552788943074,0.642894738698434,0.253271167922134,0,0,0,0
"result.445","445",0.686,0.795488953595255,0.284638828386594,0.23759684995753,1.35338105723298,0.831525709240193,0.238842423538908,0.363394559103933,1.29965685937645,0.535243995616711,0,0,0,0
"result.446","446",0.686,0.693480979373068,0.211515739049874,0.278910130835316,1.10805182791082,0.704973530680724,0.178083945352196,0.35592899779042,1.05401806357103,0.479955092923468,0,0,0,0
"result.447","447",0.686,0.905390107669378,0.243831673549921,0.427480027511533,1.38330018782722,0.981782359852976,0.23891066923218,0.513517448157904,1.45004727154805,0.824929463809563,0,0,0,0
"result.448","448",0.686,0.697662466909377,0.238490789058887,0.230220520353959,1.16510441346479,0.876939701306141,0.241175612232786,0.40423550132988,1.3496439012824,0.695401406081323,0,0,0,0
"result.449","449",0.686,0.863890783934444,0.236451682928706,0.40044548539418,1.32733608247471,0.901816728239392,0.20260256902149,0.504715692957271,1.29891776352151,0.617435682181597,0,0,0,0
"result.450","450",0.686,0.618767063771041,0.217435371908547,0.192593734830288,1.04494039271179,0.550929601105676,0.159763606342378,0.237792932674616,0.864066269536736,0.304744550633028,0,0,0,0
"result.451","451",0.686,0.181235337401313,0.137659901566859,-0.0885780696697316,0.451048744472357,0.787725977185985,0.230745103662943,0.335465574006617,1.23998638036535,0.559578691389282,0,0,0,0
"result.452","452",0.686,1.33751810276773,0.335942704759239,0.679070401439622,1.99596580409584,1.44203259580274,0.323345597407651,0.808275224883747,2.07578996672174,1.22262664501882,0,0,0,0
"result.453","453",0.686,0.758524457790916,0.238677953105389,0.290715669704353,1.22633324587748,0.727865077806968,0.205136407278779,0.325797719540561,1.12993243607338,0.567114336157254,0,0,0,0
"result.454","454",0.686,0.786281455738012,0.220801877613708,0.353509775615144,1.21905313586088,0.706370062930014,0.176046756405373,0.361318420375483,1.05142170548454,0.504334888823671,0,0,0,0
"result.455","455",0.686,0.961598267550255,0.304661289418991,0.364462140289032,1.55873439481148,0.969142609083788,0.254850866353359,0.469634911031204,1.46865030713637,0.66436163733381,0,0,0,0
"result.456","456",0.686,0.885560034021357,0.277067544144345,0.342507647498441,1.42861242054427,0.964645754684951,0.262192115900979,0.450749207519032,1.47854230185087,0.772852062421987,0,0,0,0
"result.457","457",0.686,0.919765295242023,0.256124963531028,0.417760366721208,1.42177022376284,0.99399397324742,0.236350539322841,0.530746916174651,1.45724103032019,0.778163220318166,0,0,0,0
"result.458","458",0.686,0.818641368740704,0.263384979336403,0.302406809241355,1.33487592824005,0.836631879462271,0.225132406182181,0.395372363345196,1.27789139557935,0.588718289263128,0,0,0,0
"result.459","459",0.686,0.801281615711005,0.242626794429756,0.325733098628683,1.27683013279333,0.845908812353355,0.22670973875792,0.401557724387832,1.29025990031888,0.712211550868384,0,0,0,0
"result.460","460",0.686,0.622255760880136,0.217572603400236,0.195813458215673,1.0486980635446,0.600272564236108,0.169870565504364,0.267326255847554,0.933218872624661,0.36477836569001,0,0,0,0
"result.461","461",0.686,0.662144057487291,0.219008545308074,0.232887308683466,1.09140080629112,0.688708619001101,0.199433042589314,0.297819855526045,1.07959738247616,0.530307621204316,0,0,0,0
"result.462","462",0.686,0.735982926130712,0.243568944248375,0.258587795403897,1.21337805685753,0.692745481967425,0.196842021588394,0.306935119654173,1.07855584428068,0.466591686615553,0,0,0,0
"result.463","463",0.686,0.547400978034647,0.230901809894124,0.0948334306421636,0.999968525427131,0.691971242516864,0.222834769123324,0.255215095035149,1.12872738999858,0.508598694327717,0,0,0,0
"result.464","464",0.686,0.507119447627386,0.194504090245308,0.125891430746582,0.888347464508191,0.583247905160168,0.184894510288366,0.22085466499497,0.945641145325366,0.422923819648588,0,0,0,0
"result.465","465",0.686,0.344299183608423,0.15479404914354,0.040902847287085,0.647695519929761,0.522017118396434,0.163060513617854,0.202418511705441,0.841615725087428,0.350508514618188,0,0,0,0
"result.466","466",0.686,0.970462190494364,0.240891999001543,0.49831387245134,1.44261050853739,1.09346686365981,0.22743945391178,0.647685533992718,1.5392481933269,0.82544832062553,0,0,0,0
"result.467","467",0.686,0.904385870346808,0.279783474238065,0.3560102608402,1.45276147985341,0.981274758501881,0.256569653614571,0.478398237417321,1.48415127958644,0.760297407417498,0,0,0,0
"result.468","468",0.686,0.987938332819152,0.263192844257028,0.472080358075377,1.50379630756293,1.26968692716907,0.277765308058939,0.725266923373553,1.81410693096459,1.07654535902186,0,0,0,0
"result.469","469",0.686,0.545911338884931,0.215780208873176,0.122982129493505,0.968840548276356,0.695013088118413,0.199025358726122,0.304923385015214,1.08510279122161,0.512634447509334,0,0,0,0
"result.470","470",0.686,0.518466207833966,0.198861379357398,0.128697904293467,0.908234511374465,0.628423233023106,0.189832882668481,0.256350782992883,1.00049568305333,0.480720735006565,0,0,0,0
"result.471","471",0.686,0.741417701795086,0.192816151075531,0.363498045687046,1.11933735790313,0.755125783203964,0.169480291824264,0.422944411228407,1.08730715517952,0.554929046038436,0,0,0,0
"result.472","472",0.686,0.665228739245805,0.176227688207769,0.319822470358577,1.01063500813303,0.6739797782772,0.163126801369123,0.35425124759372,0.993708308960681,0.530830721412292,0,0,0,0
"result.473","473",0.686,0.771416980855853,0.235747618756334,0.309351648093438,1.23348231361827,1.00252188368208,0.241582838275586,0.529019520661927,1.47602424670222,0.811062014824918,0,0,0,0
"result.474","474",0.686,0.281248827263798,0.159921357129369,-0.032197032709766,0.594694687237362,0.247471629149234,0.114224640564575,0.0235913336426679,0.471351924655801,0.142284715411687,0,0,0,0
"result.475","475",0.686,1.38180994522307,0.32702874364941,0.740833607670223,2.02278628277591,1.42791120434047,0.308244584464385,0.823751818790276,2.03207058989067,1.15911977716196,0,0,0,0
"result.476","476",0.686,0.842931814183918,0.287778939875036,0.278885092028847,1.40697853633899,1.34308542313183,0.321383180878232,0.713174388610497,1.97299645765316,1.04363297615316,0,0,0,0
"result.477","477",0.686,0.588609269932364,0.213043521026079,0.171043968721249,1.00617457114348,0.648216694022131,0.189823633035861,0.276162373271842,1.02027101477242,0.444993430978325,0,0,0,0
"result.478","478",0.686,0.902855772711514,0.268784916423823,0.376037336520821,1.42967420890221,1.06947064741432,0.272488134861579,0.535393903085621,1.60354739174301,0.917788913175065,0,0,0,0
"result.479","479",0.686,0.483899982300254,0.179070478005774,0.132921845408937,0.834878119191571,0.499814793384457,0.168200370890087,0.170142066439886,0.829487520329028,0.386014968796817,0,0,0,0
"result.480","480",0.686,0.63581685220748,0.216296481103066,0.21187574924547,1.05975795516949,0.769959046771099,0.206148782144734,0.365907433767422,1.17401065977478,0.576181523422359,0,0,0,0
"result.481","481",0.686,1.27762826095124,0.281327900085133,0.726225576784378,1.8290309451181,1.34221397821162,0.259935317594045,0.832740755727296,1.85168720069595,1.05663463763071,0,0,0,0
"result.482","482",0.686,0.960423170325874,0.26902152612723,0.433140979116503,1.48770536153524,1.0070075034087,0.239884976042684,0.536832950365043,1.47718205645236,0.72740696851923,0,0,0,0
"result.483","483",0.686,1.01505549755345,0.225258735047458,0.573548376860436,1.45656261824647,1.26674564383996,0.235041315026364,0.806064666388283,1.72742662129163,1.09353891858488,0,0,0,0
"result.484","484",0.686,0.354463214862466,0.15841984919541,0.0439603104394622,0.664966119285469,0.523757633948087,0.163525154533175,0.203248331063064,0.84426693683311,0.416640828193324,0,0,0,0
"result.485","485",0.686,0.845169458439417,0.256657923926428,0.342119927543618,1.34821898933522,0.89054095667068,0.231525986556235,0.436750023020459,1.3443318903209,0.617693871084097,0,0,0,0
"result.486","486",0.686,0.936153640074578,0.25262797019739,0.441002818487693,1.43130446166146,1.00068490327941,0.231430930597066,0.547080279309161,1.45428952724966,0.726396121428993,0,0,0,0
"result.487","487",0.686,0.190061070551143,0.132431102187711,-0.0695038897367704,0.449626030839056,0.35018339760637,0.131706692369231,0.0920382805626763,0.608328514650064,0.206651464144519,0,0,0,0
"result.488","488",0.686,0.418411481945868,0.157746091285804,0.109229143025692,0.727593820866044,0.605057897929659,0.165715823702752,0.280254883472265,0.929860912387053,0.428993449982976,0,0,0,0
"result.489","489",0.686,0.569711840054047,0.205004887622062,0.167902260314807,0.971521419793288,0.583503578720554,0.167581498513324,0.255043841634438,0.91196331580667,0.37734899683498,0,0,0,0
"result.490","490",0.686,0.438192977988396,0.176063301737162,0.0931089065835589,0.783277049393233,0.415691639071952,0.129828929001739,0.161226938228544,0.67015633991536,0.240823158796665,0,0,0,0
"result.491","491",0.686,0.794133979097403,0.239624630442198,0.324469703430694,1.26379825476411,0.802850020028347,0.205351273502295,0.400361523963849,1.20533851609285,0.566190467083708,0,0,0,0
"result.492","492",0.686,0.878203128928749,0.270442366731569,0.348136090134873,1.40827016772262,1.0514932623891,0.254105759214742,0.553445974328203,1.54954055044999,0.794793098665638,0,0,0,0
"result.493","493",0.686,0.739263219522013,0.247458911052403,0.254243753859303,1.22428268518472,0.862652878511225,0.242686214042103,0.386987898988702,1.33831785803375,0.693463531912955,0,0,0,0
"result.494","494",0.686,0.862722337279624,0.227172222046659,0.417464782068173,1.30797989249107,0.851477907862749,0.204383601532784,0.450886048858491,1.25206976686701,0.675524662181982,0,0,0,0
"result.495","495",0.686,1.01434410496766,0.27378482504906,0.477725847871505,1.55096236206382,1.05859516341954,0.240734655731029,0.586755238186725,1.53043508865236,0.795545731590988,0,0,0,0
"result.496","496",0.686,0.91199287141652,0.275929985080081,0.371170100659562,1.45281564217348,1.12054673331259,0.262683050296029,0.60568795473237,1.6354055118928,0.795438259232186,0,0,0,0
"result.497","497",0.686,0.733333587648942,0.241858540811245,0.259290847658902,1.20737632763898,0.826719860170494,0.226797842182998,0.382196089491818,1.27124363084917,0.65232793742571,0,0,0,0
"result.498","498",0.686,0.883443272737625,0.231162591993159,0.430364592431034,1.33652195304422,0.937117942505275,0.215774048363034,0.514200807713729,1.36003507729682,0.754612358952826,0,0,0,0
"result.499","499",0.686,0.662047026074488,0.242970023132575,0.185825780734641,1.13826827141433,0.663291458978739,0.185943644398294,0.298841915958083,1.0277410019994,0.388280792935976,0,0,0,0
"result.500","500",0.686,0.882502213690151,0.255143821549923,0.382420323452302,1.382584103928,0.892255564432312,0.21956272480667,0.461912623811238,1.32259850505339,0.634985055979553,0,0,0,0
