"","i","truth","cvtmle","cvtmle_se","cvtmle_lower","cvtmle_upper","cvaiptw","cvaiptw_se","cvaiptw_lower","cvaiptw_upper","ss"
"result.1","1",0.686,0.639002000694909,0.0535255560818202,0.534091910774541,0.743912090615277,0.63962315453375,0.0523443768336441,0.537028175939808,0.742218133127693,0.609039747490911
"result.2","2",0.686,0.630753253591628,0.0511486144883488,0.530501969194464,0.731004537988791,0.630969602388221,0.0509651248797129,0.531077957623984,0.730861247152458,0.625924523016669
"result.3","3",0.686,0.711036395002535,0.0577326445207107,0.597880411741942,0.824192378263128,0.705697492744617,0.058151301866408,0.591720941086457,0.819674044402777,0.72101977105897
"result.4","4",0.686,0.704575128337325,0.0560158224475434,0.59478411634014,0.81436614033451,0.706903851776744,0.0560159717804681,0.597112547087026,0.816695156466461,0.704543684665585
"result.5","5",0.686,0.755793718633193,0.0597407897636285,0.638701770696481,0.872885666569905,0.750485397319247,0.0601767839748036,0.632538900728631,0.868431893909862,0.767615140648831
"result.6","6",0.686,0.721675172110093,0.0572456040435085,0.609473788184816,0.833876556035369,0.724407416635066,0.0562211828403838,0.614213898267913,0.834600935002218,0.693671755706935
"result.7","7",0.686,0.704194565192081,0.0586185703041176,0.589302167396011,0.819086962988151,0.705650145532514,0.0586187628285018,0.59075737038865,0.820542920676377,0.704164723097866
"result.8","8",0.686,0.74958209604179,0.0570763850113152,0.637712381419613,0.861451810663968,0.745677291789708,0.0574962174575845,0.632984705572842,0.858369878006573,0.760584473603603
"result.9","9",0.686,0.724012908154183,0.0561605500822084,0.613938229993055,0.834087586315312,0.72455422728201,0.0563659916144725,0.614076883717644,0.835031570846376,0.729290993586697
"result.10","10",0.686,0.637495344852624,0.0544139968281906,0.53084391106937,0.744146778635877,0.640330733985072,0.0540156302307912,0.534460098732721,0.746201369237423,0.628116452731025
"result.11","11",0.686,0.678291155838274,0.0562123049384933,0.568115038158827,0.788467273517721,0.67761621482898,0.0560089249867262,0.567838721854997,0.787393707802963,0.67308794380422
"result.12","12",0.686,0.675085922712956,0.0533252020030053,0.570568526787066,0.779603318638846,0.676016436171974,0.0533253440036135,0.571498761924892,0.780534110419057,0.675058356261006
"result.13","13",0.686,0.661196800125726,0.0541201413539987,0.555121323071889,0.767272277179563,0.664992958064657,0.0527167537469852,0.561668120720566,0.768317795408747,0.627505025740275
"result.14","14",0.686,0.592122571678446,0.0488168023921745,0.496441638989784,0.687803504367108,0.596972745485859,0.0484742460619269,0.501963223204483,0.691982267767236,0.583522823685109
"result.15","15",0.686,0.766111700905775,0.0573972357963531,0.653613118744923,0.878610283066627,0.77203885306305,0.0563646689479553,0.661564101925058,0.882513604201043,0.738103501104441
"result.16","16",0.686,0.575683076108162,0.0508461219034263,0.476024677177446,0.675341475038877,0.577191246816923,0.0495657278983161,0.480042420136224,0.674340073497623,0.545030172084385
"result.17","17",0.686,0.739412592752702,0.0577304571526944,0.626260896733421,0.852564288771983,0.744227147571079,0.0571165649616754,0.632278680246195,0.856175614895963,0.722323949733152
"result.18","18",0.686,0.659813689757036,0.0577021109228505,0.546717552348249,0.772909827165823,0.664605689378148,0.0574787306068065,0.551947377388808,0.777264001367489,0.654422625812182
"result.19","19",0.686,0.600047452529628,0.051314220789387,0.49947157978243,0.700623325276827,0.600656316194677,0.0514968909494464,0.499722409933762,0.701590222455592,0.604848043806225
"result.20","20",0.686,0.729679409132536,0.0543701279929795,0.623113958266296,0.836244859998776,0.735361356841713,0.0536079519579587,0.630289771004114,0.840432942679312,0.708468899655045
"result.21","21",0.686,0.70703406365842,0.0550610501271283,0.599114405409248,0.814953721907591,0.704987305504806,0.0550612182309014,0.59706731777224,0.812907293237373,0.707002824533642
"result.22","22",0.686,0.694473171478406,0.0548672605371754,0.586933340825543,0.80201300213127,0.698308597785638,0.0531042683471156,0.594224231825291,0.802392963745985,0.650154800911975
"result.23","23",0.686,0.792986080948971,0.0603290566913285,0.674741129833967,0.911231032063975,0.791658554204975,0.0607458961149078,0.672596597819755,0.910720510590194,0.805762199050663
"result.24","24",0.686,0.644868867624866,0.0526542580398853,0.541666521866691,0.748071213383041,0.645593473756293,0.052468039387609,0.542756116556579,0.748430830956006,0.640041099578492
"result.25","25",0.686,0.632080191910919,0.0497472059824978,0.534575668185224,0.729584715636615,0.636511233281335,0.0495795329408518,0.539335348717266,0.733687117845405,0.627584091042109
"result.26","26",0.686,0.706425908725649,0.0547078133809955,0.599198594498898,0.813653222952401,0.705615915562307,0.0545137109286332,0.598769042142186,0.812462788982428,0.70116410764504
"result.27","27",0.686,0.79022995391398,0.0582634263717761,0.676033638225299,0.904426269602661,0.791861989043558,0.0580594871748991,0.678065394180755,0.90565858390636,0.784258534272511
"result.28","28",0.686,0.660706685331858,0.052198803991704,0.558397029508118,0.763016341155598,0.661734366338382,0.0513044503669475,0.561177643619165,0.762291089057599,0.636649531361129
"result.29","29",0.686,0.749368875717623,0.054471541145704,0.642604655072043,0.856133096363203,0.751051651994317,0.054471660842883,0.644287196742266,0.857816107246368,0.749339848100606
"result.30","30",0.686,0.617617031847714,0.0526744709319142,0.514375068821162,0.720858994874266,0.620118866572533,0.052299531052918,0.517611785708814,0.722625947436252,0.608345020162048
"result.31","31",0.686,0.750232498222144,0.0565202946825512,0.639452720644344,0.861012275799944,0.755325862480725,0.0561298630808072,0.645311330842342,0.865340394119107,0.739055634735911
"result.32","32",0.686,0.668696751194506,0.0531942451020886,0.564436030794413,0.7729574715946,0.671666446229188,0.0528190525603926,0.568141103210818,0.775191789247558,0.65898407374508
"result.33","33",0.686,0.713234435258666,0.0556001375985227,0.604258165565561,0.82221070495177,0.717005352431463,0.0547686575163392,0.609658783699438,0.824351921163488,0.690946717500983
"result.34","34",0.686,0.607090912187958,0.0512944863218943,0.506553718997045,0.707628105378871,0.6115623451134,0.0500048365647589,0.513552865446473,0.709571824780328,0.578220756463068
"result.35","35",0.686,0.719886518979422,0.0559357275808947,0.610252492920869,0.829520545037976,0.720137805648738,0.0561265773274251,0.610129714086985,0.830145897210491,0.72531442845586
"result.36","36",0.686,0.670603271178868,0.0551894656181289,0.562431918567335,0.778774623790401,0.674839677036468,0.0549854852479252,0.567068125950534,0.782611228122401,0.66530294703246
"result.37","37",0.686,0.757562857659205,0.0555532851528448,0.64867841875963,0.866447296558781,0.754401062949658,0.0557530528363274,0.645125079390456,0.863677046508859,0.763008495011113
"result.38","38",0.686,0.821848472563188,0.0605890315854477,0.70309397065571,0.940602974470665,0.814485957625622,0.0608131807618669,0.695292123332363,0.933679791918881,0.828318036888748
"result.39","39",0.686,0.645131881373873,0.0504653661172298,0.546219763784102,0.744043998963643,0.649094345328034,0.0492205561836418,0.552622055208096,0.745566635447972,0.614656244938891
"result.40","40",0.686,0.701159311328675,0.0561247860054209,0.591154730758051,0.8111638918993,0.695201264548857,0.0565220186565648,0.58441810798199,0.805984421115724,0.711992989201726
"result.41","41",0.686,0.810261942593058,0.0621559339060798,0.688436312137141,0.932087573048974,0.817967241753718,0.0598434502777773,0.700674079209275,0.935260404298162,0.749417643370916
"result.42","42",0.686,0.673761589197043,0.0551342946531574,0.565698371676854,0.781824806717231,0.675813560598579,0.0553354627649728,0.567356053579232,0.784271067617926,0.679079935695743
"result.43","43",0.686,0.651283625624782,0.0535197042822352,0.546385005231601,0.756182246017963,0.652829879117352,0.0515459893066827,0.551799740076254,0.75386001815845,0.604532424678166
"result.44","44",0.686,0.676087943560882,0.0545930748820805,0.569085516792004,0.78309037032976,0.678076477261588,0.0536217842034465,0.572977780222833,0.783175174300343,0.651799553906771
"result.45","45",0.686,0.784184992105892,0.0577505685102849,0.670993877825733,0.89737610638605,0.780647204122778,0.0589713473877454,0.665063363242797,0.896231045002759,0.817840055399518
"result.46","46",0.686,0.686832658076513,0.0575697197857803,0.573996007296383,0.799669308856642,0.689482181226749,0.0577811245314438,0.57623117714512,0.802733185308379,0.692222289070274
"result.47","47",0.686,0.647950913599836,0.0509787648468438,0.548032534500023,0.74786929269965,0.652373214573955,0.0507968275327679,0.55281143260973,0.75193499653818,0.642996890237966
"result.48","48",0.686,0.70607391187924,0.0567478977150528,0.594848032357736,0.817299791400743,0.700790783791575,0.0569592534756527,0.589150646979296,0.812430920603854,0.711439260538148
"result.49","49",0.686,0.659827716855954,0.0533099772900909,0.555340161367376,0.764315272344532,0.657990671415967,0.0534959582957429,0.553138593156311,0.762842749675623,0.664773691052162
"result.50","50",0.686,0.688438602897086,0.0553200459580457,0.580011312819316,0.796865892974855,0.688937782390391,0.0551136065434778,0.580915113565174,0.796960451215607,0.682984806917434
"result.51","51",0.686,0.617884725351048,0.0532699611255868,0.513475601544898,0.722293849157199,0.622580022958477,0.0528607856357726,0.518972883112363,0.726187162804591,0.608186052420899
"result.52","52",0.686,0.72207405772158,0.0575030717926397,0.609368037008007,0.834780078435154,0.728566974747123,0.0572905635248465,0.616277470238424,0.840856479255822,0.716491390029648
"result.53","53",0.686,0.572675085014006,0.0485315197272524,0.477553306348591,0.667796863679421,0.574300833907857,0.0487054828556927,0.478838087510699,0.669763580305015,0.576844227232045
"result.54","54",0.686,0.721035003100805,0.0562488126880054,0.610787330232314,0.831282675969295,0.725553764960073,0.0556571609333826,0.616465729530643,0.834641800389503,0.705289857543887
"result.55","55",0.686,0.752635294179917,0.0580068123209598,0.638941942030836,0.866328646328999,0.749967009929292,0.0580070176865902,0.636273255263575,0.863660764595009,0.752605504548365
"result.56","56",0.686,0.630132842440892,0.0528544878578588,0.526538046239489,0.733727638642295,0.633679273373123,0.0516776281008132,0.532391122295529,0.734967424450717,0.602733678023939
"result.57","57",0.686,0.711204662000845,0.0545947913095221,0.604198871034182,0.818210452967508,0.705597206590346,0.0547854396372396,0.598217744901356,0.812976668279336,0.716443409656302
"result.58","58",0.686,0.798054307516707,0.0574045429328228,0.685541403368374,0.91056721166504,0.798968024364084,0.0574046877578851,0.686454836358629,0.911481212369539,0.798022756631464
"result.59","59",0.686,0.737255604276283,0.0560786107133825,0.627341527278053,0.847169681274512,0.736385671263294,0.0562784203023754,0.626079967470638,0.84669137505595,0.742899524798306
"result.60","60",0.686,0.649534506811768,0.0515634716046589,0.548470102466637,0.7505989111569,0.651061929588985,0.0515636102960797,0.549997253408669,0.752126605769302,0.649506554898421
"result.61","61",0.686,0.631374678550314,0.0511268846821857,0.53116598457323,0.731583372527398,0.629911293307604,0.0514828268555285,0.529004952670768,0.73081763394444,0.641265572209774
"result.62","62",0.686,0.718926065320551,0.0565783521391448,0.608032495127827,0.829819635513275,0.722646491327363,0.0563736267531972,0.612154182891097,0.833138799763629,0.71326995408308
"result.63","63",0.686,0.671367753749878,0.0545814633809607,0.564388085523195,0.778347421976561,0.674842559285874,0.0541940933206068,0.568622136377485,0.781062982194264,0.661055835797884
"result.64","64",0.686,0.738003258512422,0.056809100120223,0.626657422276785,0.849349094748059,0.732209342100256,0.0574184370450036,0.619669205492049,0.844749478708463,0.754387890951788
"result.65","65",0.686,0.754438180426011,0.056846272860146,0.643019485620125,0.865856875231897,0.751446394092752,0.0570486469876343,0.639631045996989,0.863261742188515,0.760219303585827
"result.66","66",0.686,0.691406985881518,0.0559725950819972,0.581700699520803,0.801113272242232,0.691788250268952,0.0553451082557754,0.583311838087632,0.800264662450272,0.674013466965243
"result.67","67",0.686,0.633589564756395,0.0516655281798315,0.532325129523925,0.734853999988865,0.634829630614402,0.0516657012168382,0.533564856229399,0.736094404999405,0.633557218759531
"result.68","68",0.686,0.774140972654977,0.0557119818153953,0.664945488296802,0.883336457013152,0.778827396362718,0.0545563944298491,0.671896863280214,0.885757929445222,0.741050479714078
"result.69","69",0.686,0.719248113534933,0.0557081680135755,0.610060104228325,0.828436122841541,0.719194596492477,0.0559083309437688,0.60961426784269,0.828774925142264,0.724419922909071
"result.70","70",0.686,0.660615235436745,0.0542012271910405,0.554380830142306,0.766849640731184,0.665339976655267,0.0540090654617525,0.559482208350233,0.771197744960302,0.655608363004895
"result.71","71",0.686,0.611133787321932,0.0515346406554586,0.510125891637234,0.712141683006631,0.613545961309007,0.0511722764623543,0.513248299442792,0.713843623175221,0.601511339895302
"result.72","72",0.686,0.602040581699063,0.0515794603933334,0.50094483932813,0.703136324069997,0.605258785011946,0.0502848233609046,0.506700531224573,0.703817038799319,0.572738333567572
"result.73","73",0.686,0.712269761385849,0.0578873320100025,0.598810590646244,0.825728932125454,0.707244250799367,0.0583022960698715,0.592971750502419,0.821516751096315,0.72299736623472
"result.74","74",0.686,0.739981043416113,0.0562325046988972,0.629765334206275,0.850196752625952,0.738029719371347,0.0548914988724654,0.630442381581314,0.845617057161379,0.701385397206376
"result.75","75",0.686,0.687862228679402,0.056691713652125,0.576746469921237,0.798977987437567,0.694424199158262,0.0564857118322405,0.583712203967071,0.805136194349454,0.682742824077594
"result.76","76",0.686,0.717656095246061,0.0564783360163806,0.606958556653955,0.828353633838167,0.71923809673714,0.0554747210482509,0.610507643482568,0.827968549991711,0.691023162733348
"result.77","77",0.686,0.569316001947461,0.0475977900419939,0.476024333465153,0.662607670429769,0.573861537564369,0.0472632574390606,0.48122555298381,0.666497522144928,0.561223227163007
"result.78","78",0.686,0.724167135878763,0.0597904229895441,0.606977906819257,0.84135636493827,0.727025146130747,0.0586849390630244,0.612002665567219,0.842047626694275,0.696514145073798
"result.79","79",0.686,0.71099890647244,0.056585163961135,0.600091985108616,0.821905827836265,0.708942422011253,0.0569905975768154,0.597240850760695,0.820643993261811,0.721711102661058
"result.80","80",0.686,0.72511189384729,0.0568967427997685,0.613594277959744,0.836629509734836,0.721583248343597,0.0571076634096317,0.609652228060719,0.833514268626475,0.73057800732048
"result.81","81",0.686,0.806400542574803,0.0602027724293151,0.688403108613345,0.92439797653626,0.807164092245755,0.0602029261548807,0.689166356982189,0.925161827509322,0.806372369839761
"result.82","82",0.686,0.698235634751521,0.053712175799676,0.592959770184156,0.803511499318886,0.693046494684267,0.0546559395469053,0.585920853172332,0.800172136196201,0.723000168742907
"result.83","83",0.686,0.724869455213398,0.056367632702256,0.614388895116976,0.835350015309819,0.730082819124852,0.054955956834529,0.622369143729175,0.837796494520529,0.688517668409637
"result.84","84",0.686,0.760255377854647,0.0591175946429049,0.644384892354554,0.876125863354741,0.762892053803819,0.0591177335542312,0.647021296037526,0.878762811570113,0.760229523333307
"result.85","85",0.686,0.694534347842923,0.0563441057731541,0.584099900527541,0.804968795158305,0.697063612449544,0.0545232395110254,0.590198063007934,0.803929161891153,0.647043210395859
"result.86","86",0.686,0.576211785883535,0.0491412641340699,0.479894908180758,0.672528663586312,0.58131490049808,0.0489697361494648,0.48533421764513,0.677295583351031,0.572013756241796
"result.87","87",0.686,0.770374114115991,0.0589081987510435,0.654914044563945,0.885834183668036,0.768002303081125,0.0593215978382841,0.651731971318088,0.884272634844162,0.782060004814615
"result.88","88",0.686,0.694362982168732,0.0537340806928297,0.589044184010785,0.799681780326678,0.696652437340121,0.0527954381389762,0.593173378587728,0.800131496092515,0.668947664408742
"result.89","89",0.686,0.672647071551914,0.0550161199551027,0.564815476439913,0.780478666663916,0.674843253282108,0.0550162868564227,0.56701133104352,0.782675175520697,0.672616697952217
"result.90","90",0.686,0.679103558274467,0.0528902397808234,0.575438688304053,0.782768428244881,0.673639296032201,0.0530699395969437,0.569622214422191,0.77765637764221,0.68432530328673
"result.91","91",0.686,0.656875138045206,0.0544287896233708,0.5501947103834,0.763555565707013,0.662892369185416,0.0534546936774202,0.558121169577672,0.767663568793159,0.633250694455255
"result.92","92",0.686,0.739410747957276,0.0543813801472327,0.6328232428687,0.845998253045852,0.739074637173879,0.0534623158184042,0.634288498169807,0.843860776177951,0.711941675097607
"result.93","93",0.686,0.685170528315162,0.0553946307519049,0.576597052041429,0.793744004588896,0.677399047379477,0.0565916156769655,0.566479480652625,0.78831861410633,0.713995290968601
"result.94","94",0.686,0.752729899241214,0.0557049496396262,0.643548197947546,0.861911600534881,0.755559818917301,0.0549323088759243,0.647892493520489,0.863227144314112,0.730054535404883
"result.95","95",0.686,0.598283246374523,0.0527215017091082,0.494949103024671,0.701617389724375,0.605641484298544,0.0513372185936099,0.505020535855069,0.706262432742019,0.567273915478877
"result.96","96",0.686,0.744360088740074,0.0571504420807628,0.632345222261778,0.856374955218369,0.745706479335948,0.0559077861463643,0.636127218489074,0.855285740182822,0.711322703001799
"result.97","97",0.686,0.768529032963611,0.0577081728860785,0.655421014106897,0.881637051820325,0.773513487492974,0.0570965652134103,0.66160421967469,0.885422755311258,0.751306945599816
"result.98","98",0.686,0.58594790360452,0.0501352954100081,0.487682724600904,0.684213082608136,0.588887228025762,0.049593189376549,0.491684576847726,0.686089879203798,0.572359010625665
"result.99","99",0.686,0.715441075706062,0.0553899156749994,0.606876840983064,0.824005310429061,0.715662300613969,0.0555867789849884,0.606712213803391,0.824612387424546,0.720940476014232
"result.100","100",0.686,0.687556710954934,0.0551394143128942,0.579483458901661,0.795629963008207,0.693669497118736,0.0549411263902782,0.585984889393791,0.801354104843682,0.682263892994936
"result.101","101",0.686,0.692682457267297,0.0561902239026341,0.582549618418135,0.80281529611646,0.695811798355187,0.0556026631024934,0.5868305786743,0.804793018036074,0.677886981102737
"result.102","102",0.686,0.680407645605305,0.0540823940723497,0.5744061532235,0.78640913798711,0.68642572269739,0.0533173339530655,0.581923748149382,0.790927697245398,0.660267585555085
"result.103","103",0.686,0.71524207660913,0.05870889368563,0.600172644985295,0.830311508232965,0.717769212783436,0.0576127887212294,0.604848146889826,0.830690278677045,0.688160492079397
"result.104","104",0.686,0.748450223127313,0.0601773863504095,0.63050254588051,0.866397900374116,0.749320956344867,0.0593074445828526,0.633078364962475,0.865563547727258,0.725001998881828
"result.105","105",0.686,0.678350425270753,0.0563995637466853,0.56780728032725,0.788893570214256,0.680281126329902,0.0555771231080536,0.571349965038117,0.789212287621687,0.657500078721158
"result.106","106",0.686,0.68363914935898,0.0519498024654364,0.581817536526725,0.785460762191235,0.681010405786401,0.0521264913872291,0.578842482667432,0.78317832890537,0.688417198215888
"result.107","107",0.686,0.71709297303698,0.0559892582115894,0.607354026942265,0.826831919131695,0.721039316394079,0.0551887627240135,0.612869341455013,0.829209291333146,0.695123661860166
"result.108","108",0.686,0.668321877635943,0.0547213028594556,0.56106812403141,0.775575631240476,0.662562639251793,0.0551258875195845,0.554515899713408,0.770609378790179,0.678488650112763
"result.109","109",0.686,0.724207201823123,0.0579748369124814,0.610576521474659,0.837837882171586,0.727850083842129,0.0577678711671152,0.614625056354583,0.841075111329674,0.71887952166355
"result.110","110",0.686,0.697838136373177,0.0560192343929516,0.588040436962992,0.807635835783362,0.69977809804481,0.0558151342969079,0.59038043482287,0.809175761266749,0.69249736607979
"result.111","111",0.686,0.766019025280969,0.054812371214899,0.658586777699767,0.873451272862171,0.767944497355904,0.0540673437149405,0.66197250367462,0.873916491037187,0.744411431961494
"result.112","112",0.686,0.7105901152694,0.0564459259954493,0.599956100318319,0.821224130220481,0.715997285341262,0.0556246108218393,0.606973048130457,0.825021522552067,0.688806672517802
"result.113","113",0.686,0.707596252108698,0.0566725315458972,0.59651809027874,0.818674413938657,0.709490739045519,0.0568822512078032,0.598001526678225,0.820979951412814,0.713093561980895
"result.114","114",0.686,0.627183782285212,0.0533708069243467,0.522577000713492,0.731790563856932,0.629185412141683,0.0518039685471902,0.52764963378919,0.730721190494175,0.588091014679008
"result.115","115",0.686,0.656451571399722,0.054139840977,0.550337483084802,0.762565659714642,0.654809726866578,0.0543342821565099,0.548314533839819,0.761304919893337,0.661566426755299
"result.116","116",0.686,0.68212072951261,0.0521986865481442,0.579811303878248,0.784430155146973,0.683709342153796,0.0514668672051855,0.582834282431632,0.784584401875959,0.662309902636281
"result.117","117",0.686,0.739115982359986,0.0561018165860483,0.629156421851331,0.84907554286864,0.743348726075772,0.0555049096971758,0.634559103069308,0.852138349082237,0.72337130410035
"result.118","118",0.686,0.776367625734105,0.0554829138574628,0.667621114573478,0.885114136894732,0.774937459398051,0.0554830741161092,0.666190634130477,0.883684284665626,0.776372102641661
"result.119","119",0.686,0.6879096159733,0.0538434179155275,0.582376516858866,0.793442715087734,0.686199781423878,0.053843563852343,0.580666396273286,0.791733166574471,0.68787670091897
"result.120","120",0.686,0.733043525834825,0.0550857989513623,0.625075359890155,0.841011691779495,0.733256261916528,0.0535508871908893,0.628296523022385,0.838216000810671,0.690488680422603
"result.121","121",0.686,0.591154485641516,0.0516208867396036,0.489977547631893,0.692331423651139,0.590553578852965,0.0518104946552935,0.48900500932859,0.69210214837734,0.595987780372497
"result.122","122",0.686,0.648048956328868,0.0500372477974717,0.549975950645823,0.746121962011912,0.652819007339212,0.0498697586776149,0.555074280331087,0.750563734347337,0.643368776198141
"result.123","123",0.686,0.714929376798683,0.0546088660305315,0.607895999378841,0.821962754218525,0.712424477078838,0.0544228245135445,0.605755741032291,0.819093213125385,0.709594907659677
"result.124","124",0.686,0.753439220518406,0.0589112229390168,0.637973223557933,0.868905217478879,0.756187803201255,0.0587013129001303,0.641133229916999,0.87124237648551,0.747374622390215
"result.125","125",0.686,0.733647900224169,0.0579661686875605,0.620034209596551,0.847261590851788,0.73728573644624,0.0571313137022614,0.625308361589808,0.849263111302673,0.711073586019919
"result.126","126",0.686,0.702886592511276,0.0536083471343969,0.597814232127858,0.807958952894693,0.70741207032739,0.0530538495164394,0.603426525275169,0.811397615379612,0.687729927336434
"result.127","127",0.686,0.648338576996941,0.0535482891971023,0.543383930170621,0.753293223823262,0.653832841936602,0.0533610084369544,0.549245265400172,0.758420418473033,0.643471885946949
"result.128","128",0.686,0.641656675666661,0.0530879495362053,0.537604294575698,0.745709056757623,0.647262999833632,0.0523195758472336,0.544716631173054,0.74980936849421,0.621879587517625
"result.129","129",0.686,0.678755428520405,0.0549782842455687,0.570997991399091,0.78651286564172,0.683382410007273,0.0539753536915438,0.577590716771847,0.789174103242699,0.653212750965636
"result.130","130",0.686,0.688657464753761,0.054334588450256,0.582161671391259,0.795153258116263,0.691278158267956,0.0539417955692262,0.585552238952273,0.79700407758364,0.678401406533082
"result.131","131",0.686,0.704747574088045,0.0534902891547202,0.599906607344793,0.809588540831296,0.708005467091039,0.0525411967686118,0.60502472142456,0.810986212757518,0.678646240301124
"result.132","132",0.686,0.61314040052293,0.0508719348858947,0.513431408146576,0.712849392899283,0.608231365328382,0.0514108201193782,0.5074661578944,0.708996572762363,0.627374410933865
"result.133","133",0.686,0.58879835393654,0.0511897608102271,0.488466422748495,0.689130285124586,0.589702699022049,0.050063207395599,0.491578812526675,0.687826585517423,0.560046241409721
"result.134","134",0.686,0.688677848274337,0.0554026289398014,0.580088695552326,0.797267000996348,0.692204808431555,0.0550110659219431,0.584383119224546,0.800026497638563,0.678002069848956
"result.135","135",0.686,0.710654372586564,0.0534216849974028,0.605947869991655,0.815360875181474,0.710576523224968,0.0525041229277896,0.607668442286501,0.813484604163436,0.684695491295656
"result.136","136",0.686,0.71850670913783,0.0536496428237106,0.613353409203358,0.823660009072303,0.720227997874323,0.0527163212498254,0.616904008224666,0.823551987523981,0.692265105844997
"result.137","137",0.686,0.684261048787427,0.0554895313441415,0.57550156735291,0.793020530221944,0.685331513848378,0.0545065289674622,0.578498717072152,0.792164310624604,0.658251257285693
"result.138","138",0.686,0.664600294929553,0.0531538408877081,0.560418766789645,0.76878182306946,0.663043395089242,0.0531540164828269,0.558861522782901,0.767225267395583,0.664605150264412
"result.139","139",0.686,0.677049855380499,0.056342256634542,0.566619032376796,0.787480678384201,0.680164606360355,0.055707790142465,0.570977337681123,0.789351875039586,0.661283728064828
"result.140","140",0.686,0.640077943008924,0.0525409692800253,0.537097643220075,0.743058242797774,0.641784607563983,0.0514497373985027,0.540943122262918,0.742626092865049,0.612076400605065
"result.141","141",0.686,0.676102505228673,0.054827915309137,0.568639791222764,0.783565219234581,0.676244853901867,0.0536427474097899,0.571105068978679,0.781384638825055,0.645037115029979
"result.142","142",0.686,0.662390903426657,0.05502920432868,0.554533662942444,0.77024814391087,0.660314148211505,0.054826867107266,0.552853488681264,0.767774807741746,0.657557639042868
"result.143","143",0.686,0.676582600251248,0.0542565744618354,0.570239714306051,0.782925486196446,0.680477795591915,0.0536800009501035,0.575264993729712,0.785690597454118,0.661739784483409
"result.144","144",0.686,0.679715401509189,0.054825026205443,0.572258350146521,0.787172452871857,0.681060683687245,0.0538493372234241,0.575515982729334,0.786605384645156,0.6539825571129
"result.145","145",0.686,0.6418002314063,0.0544409998135868,0.53509587177167,0.74850459104093,0.644615489749244,0.0536469047658432,0.539467556408192,0.749763423090297,0.622371301674694
"result.146","146",0.686,0.72861290235595,0.0578372947186952,0.615251804707308,0.841974000004593,0.728471615509294,0.0563912399590741,0.617944785189509,0.838998445829079,0.689155744416959
"result.147","147",0.686,0.682058189494203,0.0544067183111891,0.575421021604273,0.788695357384134,0.681525079566159,0.0542081938556762,0.575277019609034,0.787773139523285,0.676798658232693
"result.148","148",0.686,0.587354866875663,0.0500341361623946,0.489287959997369,0.685421773753956,0.5867433130649,0.0502170548124948,0.48831788563241,0.685168740497389,0.591438787214044
"result.149","149",0.686,0.599369993295553,0.0536219472639693,0.494270976658173,0.704469009932933,0.599596967065451,0.0534072633189316,0.494918730960345,0.704275203170557,0.594172486686783
"result.150","150",0.686,0.696316099151297,0.0554154136063382,0.587701888482874,0.80493030981972,0.699880546611172,0.0550266583590408,0.592028296227452,0.807732796994892,0.685595834559079
"result.151","151",0.686,0.710950741925308,0.0539844575430936,0.605141205140845,0.816760278709772,0.707786572488412,0.0541756208704964,0.601602355582239,0.813970789394585,0.715914177285134
"result.152","152",0.686,0.710278760015322,0.0560446004879971,0.600431343058848,0.820126176971796,0.710824042286251,0.0558468488243174,0.601364218590588,0.820283865981913,0.705026332790407
"result.153","153",0.686,0.622282892036708,0.0521146269473845,0.520138223219834,0.724427560853581,0.621969327085836,0.0519258281032807,0.520194704003406,0.723743950168266,0.617309895143873
"result.154","154",0.686,0.660328158627134,0.0536291842906651,0.555214957417431,0.765441359836838,0.657096338681428,0.0538146672858748,0.551619590801113,0.762573086561742,0.665126638878586
"result.155","155",0.686,0.751096697369061,0.0572770400308514,0.638833698908593,0.86335969582953,0.75288650059584,0.0568681283383691,0.641424969052637,0.864348032139044,0.739800067929053
"result.156","156",0.686,0.731761006163543,0.0603899171655012,0.613396768519161,0.850125243807926,0.737981172909131,0.0601678242750793,0.620052237329975,0.855910108488286,0.726075931778524
"result.157","157",0.686,0.785661498509966,0.0572518665377982,0.673447840095882,0.897875156924051,0.788192335155061,0.0564708816373668,0.677509407145823,0.8988752631643,0.761458920406213
"result.158","158",0.686,0.715109371585049,0.0583819228173979,0.600680802862949,0.829537940307149,0.713739586092873,0.0581708976865176,0.599724626627299,0.827754545558447,0.709421581293977
"result.159","159",0.686,0.627023684077755,0.0525404584730926,0.524044385470493,0.730002982685016,0.63024683655473,0.0523546161911461,0.527631788820084,0.732861884289377,0.62245001106295
"result.160","160",0.686,0.635947370657764,0.0550286048867612,0.528091305079712,0.743803436235816,0.639833479602743,0.0544306481694009,0.533149409190717,0.746517550014769,0.621019473662195
"result.161","161",0.686,0.673146148933845,0.0535035945047634,0.568279103704509,0.778013194163181,0.675131701764908,0.0525349757454926,0.572163149303743,0.778100254226074,0.648399314660462
"result.162","162",0.686,0.659357024241592,0.0525020256112664,0.55645305404351,0.762260994439674,0.663650910555073,0.0506485852038038,0.564379683555618,0.762922137554529,0.612068822799506
"result.163","163",0.686,0.729548347830786,0.0555637338327209,0.620643429518653,0.838453266142919,0.7304807777629,0.0549715783634294,0.622736484170578,0.838225071355221,0.712453285189524
"result.164","164",0.686,0.626732564272063,0.0508488462134535,0.527068825693694,0.726396302850432,0.628063351045659,0.050663296470535,0.52876328996341,0.727363412127907,0.621963840854028
"result.165","165",0.686,0.717665708405584,0.0554406608691951,0.609002013101962,0.826329403709207,0.721169615039944,0.0548615792890855,0.613640919633336,0.828698310446552,0.701537004588178
"result.166","166",0.686,0.691694925674123,0.0539680576970566,0.585917532587892,0.797472318760354,0.695083205571051,0.05301903724587,0.591165892569146,0.799000518572956,0.665818891646752
"result.167","167",0.686,0.779440284249348,0.0572677494336437,0.667195495359406,0.891685073139289,0.777114788632091,0.057066503009986,0.665264442732519,0.888965134531663,0.773558732987271
"result.168","168",0.686,0.597531172496066,0.0519520561526956,0.495705142436783,0.699357202555349,0.599579674113772,0.0517572784596874,0.498135408332785,0.701023939894759,0.592993035816843
"result.169","169",0.686,0.677620070004665,0.0544215513056101,0.570953829445669,0.784286310563661,0.675497257799646,0.0544217159545504,0.568830694528727,0.782163821070564,0.677589702681132
"result.170","170",0.686,0.635430609089944,0.0499786016356302,0.537472549884109,0.733388668295779,0.637358278458593,0.0496340783812005,0.54007548483144,0.734641072085746,0.62649590676122
"result.171","171",0.686,0.731499801323142,0.0543103564909166,0.625051502600946,0.837948100045339,0.735963637910724,0.0539405342068515,0.630240190865295,0.841687084956153,0.7212860963236
"result.172","172",0.686,0.688590673610094,0.0562009697806297,0.57843677284006,0.798744574380129,0.691945560524726,0.05599658135969,0.582192261059734,0.801698859989719,0.683144345007322
"result.173","173",0.686,0.564543794597317,0.049175699064058,0.468159424431763,0.66092816476287,0.569713056077131,0.0486503802783161,0.474358310731631,0.66506780142263,0.551862610115706
"result.174","174",0.686,0.604406416451994,0.0507856259638001,0.504866589562945,0.703946243341042,0.60288900692789,0.0509661681761478,0.50299531730264,0.70278269655314,0.608950207681979
"result.175","175",0.686,0.632324562729635,0.0508699263421854,0.532619507098952,0.732029618360319,0.633794114917231,0.050870073817325,0.534088770235274,0.733499459599188,0.632327985654106
"result.176","176",0.686,0.749772763242988,0.0584909123207204,0.635130575094377,0.8644149513916,0.751275666902657,0.0582842734573969,0.637038490926159,0.865512842879154,0.744131065527825
"result.177","177",0.686,0.723355214930759,0.0539139516666917,0.617683869664043,0.829026560197475,0.725419123465455,0.0541003804112276,0.619382377859449,0.831455869071461,0.728626166890464
"result.178","178",0.686,0.654161547962821,0.0519604830074213,0.552319001268276,0.756004094657367,0.657531498583597,0.0515961178502747,0.556403107597059,0.758659889570136,0.644303071629919
"result.179","179",0.686,0.720237429654285,0.0577347213127185,0.607077375881356,0.833397483427213,0.725846142614366,0.0563102499261693,0.615478052759075,0.836214232469658,0.683680248895498
"result.180","180",0.686,0.688631650439589,0.0562956806841392,0.578292116298676,0.798971184580502,0.690056775271434,0.0564999192251341,0.579316933590171,0.800796616952697,0.693788998808424
"result.181","181",0.686,0.832347467815104,0.0610984533529878,0.712594499243248,0.95210043638696,0.831821444081952,0.0595906343106211,0.715023800833135,0.94861908733077,0.787913085734066
"result.182","182",0.686,0.689250648929286,0.0535798371522031,0.584234168110968,0.794267129747604,0.692558444001914,0.0530332916300657,0.588613192406985,0.796503695596843,0.674554128608499
"result.183","183",0.686,0.716521516351661,0.0566407203146161,0.605505704535013,0.827537328168308,0.720280236559713,0.0564379833791992,0.609661789136483,0.830898683982944,0.710973150205145
"result.184","184",0.686,0.63423678442209,0.0528989078007175,0.530554925132684,0.737918643711497,0.63256555169231,0.0527111318606369,0.529251733245461,0.735879370139158,0.629383267057833
"result.185","185",0.686,0.609517133151879,0.0508688042926251,0.509814276738334,0.709219989565424,0.61113030602259,0.0506899725670875,0.511777959791098,0.710482652254081,0.604996776807138
"result.186","186",0.686,0.632077793760294,0.0528485784089218,0.528494580078807,0.73566100744178,0.633142725365461,0.0528487469130712,0.529559181415841,0.73672626931508,0.632082626036809
"result.187","187",0.686,0.71014805318405,0.0535586333095402,0.605173131897351,0.815122974470748,0.710208559625812,0.0533695475945257,0.605604246340542,0.814812872911083,0.704743932090565
"result.188","188",0.686,0.717845567743391,0.0546262362123469,0.610778144767191,0.824912990719591,0.721382265768743,0.0540413523057515,0.61546121524947,0.827303316288016,0.701811778240702
"result.189","189",0.686,0.589239969201271,0.0538309936814055,0.483731221585717,0.694748716816826,0.587491369024146,0.0536319161599042,0.482372813350734,0.692609924697558,0.584347436368056
"result.190","190",0.686,0.700665815629313,0.0525213004591479,0.597724066729383,0.803607564529242,0.703850344230128,0.0521656063667445,0.601605755751309,0.806094932708947,0.690589968880571
"result.191","191",0.686,0.676398236103836,0.0551078528298072,0.568386844557414,0.784409627650258,0.680631475502044,0.0549168357792156,0.572994477374781,0.788268473629306,0.67112090859336
"result.192","192",0.686,0.642517705535469,0.0522906607873599,0.540028010392244,0.745007400678695,0.643436788785348,0.0513499453991495,0.542790895803015,0.744082681767681,0.617516927748369
"result.193","193",0.686,0.704154167225208,0.0544407308762916,0.597450334707677,0.81085799974274,0.703285232450795,0.0546283345262184,0.596213696779406,0.810356768122183,0.709765405372376
"result.194","194",0.686,0.624243921618391,0.0502575267450497,0.525739169198094,0.722748674038689,0.619715480434932,0.0504263918358997,0.520879752436569,0.718551208433295,0.628822989870726
"result.195","195",0.686,0.744747077193961,0.0575323222497437,0.631983725584463,0.857510428803458,0.739974227234471,0.0577388941950472,0.626805994612179,0.853142459856764,0.75066758292398
"result.196","196",0.686,0.55636059405895,0.0510647130630775,0.456273756455318,0.656447431662582,0.558909004396313,0.050122999584339,0.460667925211009,0.657150083581618,0.535435397361318
"result.197","197",0.686,0.653521661855719,0.0552862894421763,0.545160534549054,0.761882789162385,0.657197459283104,0.0546515297972351,0.550080460880524,0.764314457685685,0.63689138330529
"result.198","198",0.686,0.610618048446876,0.0491146175239219,0.514353398099989,0.706882698793763,0.612893293000878,0.048081399304893,0.518653750363287,0.707132835638468,0.584235805302815
"result.199","199",0.686,0.721683869990225,0.0554945904040702,0.612914472798248,0.830453267182203,0.725131580148949,0.0551152207953072,0.617105747390147,0.833157412907751,0.711179646159341
"result.200","200",0.686,0.684056800579625,0.056812091250191,0.57270510172925,0.795408499429999,0.687666657641891,0.05618902343853,0.577536171702372,0.79779714358141,0.668692831999485
"result.201","201",0.686,0.716254969714238,0.0539383703331415,0.610535763861281,0.821974175567196,0.712074726127853,0.0546852655154714,0.604891605717529,0.819257846538177,0.73682695782873
"result.202","202",0.686,0.725845342714264,0.057496635061265,0.613151937994184,0.838538747434343,0.720793136434362,0.0583483001061638,0.606430468226281,0.835155804642443,0.748139753318437
"result.203","203",0.686,0.72107075089994,0.0559857388484912,0.611338702756898,0.830802799042983,0.720255037045248,0.0557816110750516,0.610923079338147,0.829586994752349,0.715874026802237
"result.204","204",0.686,0.725389160385087,0.0546897502018095,0.61819724998954,0.832581070780633,0.730539563342817,0.0542944901255794,0.624122362696681,0.836956763988953,0.714177786187749
"result.205","205",0.686,0.655290443795451,0.053132407630296,0.55115092484007,0.759429962750831,0.654470661695402,0.0531325716687562,0.550330821224639,0.758610502166164,0.655258072341269
"result.206","206",0.686,0.750874179031355,0.0589819359992896,0.635269584472748,0.866478773589963,0.74892884700183,0.0602566851130703,0.630825744180212,0.867031949823447,0.786653073191233
"result.207","207",0.686,0.721543283681276,0.0547415887737776,0.614249769684672,0.82883679767788,0.722099067493181,0.0543699587239212,0.615533948394295,0.828664186592067,0.71054824812171
"result.208","208",0.686,0.702723392965713,0.0560998189652869,0.59276774779375,0.812679038137675,0.707824559633592,0.0553055412444124,0.599425698794544,0.816223420472641,0.681000359261119
"result.209","209",0.686,0.735298091640033,0.0548879059924364,0.627717795894857,0.842878387385208,0.738545839069633,0.0539586354445964,0.632786913598224,0.844304764541042,0.707932027230924
"result.210","210",0.686,0.708598632011627,0.0555007403920073,0.599817180843293,0.817380083179962,0.710053892187354,0.0553093602787661,0.601647546040972,0.818460238333735,0.703415885059781
"result.211","211",0.686,0.61490650324979,0.0535745417256456,0.509900401467525,0.719912605032055,0.617616861337533,0.0524233525286713,0.514867090381337,0.720366632293729,0.586694642083438
"result.212","212",0.686,0.643817729502392,0.0549027527339447,0.53620833414386,0.751427124860924,0.649209627640327,0.0542816557685993,0.542817582333873,0.755601672946782,0.627984713577378
"result.213","213",0.686,0.668975708972731,0.0532313394833927,0.564642283585281,0.773309134360181,0.670060215492632,0.0522941369095342,0.567563707149945,0.772556723835319,0.643221784948038
"result.214","214",0.686,0.720675997767582,0.0583546076549563,0.606300966763867,0.835051028771296,0.721196243199548,0.0581421049524425,0.607237717492761,0.835154768906336,0.715252589884237
"result.215","215",0.686,0.724104515733854,0.0554507574410779,0.615421031149342,0.832788000318367,0.722280645519463,0.055450933525163,0.613596815810144,0.830964475228783,0.724109728993523
"result.216","216",0.686,0.65224976330233,0.051793421069269,0.550734658006563,0.753764868598097,0.6533894168293,0.051428314057959,0.552589921275701,0.7541889123829,0.642611401374191
"result.217","217",0.686,0.718184923221959,0.0551757438885603,0.610040465200381,0.826329381243537,0.719335015889519,0.0541775031703082,0.613147109675715,0.825522922103323,0.690588985419124
"result.218","218",0.686,0.71829270039159,0.0551544403004806,0.610189997402648,0.826395403380532,0.721628705420503,0.054582822767503,0.614646372796197,0.828611038044809,0.701951282008763
"result.219","219",0.686,0.702522710961269,0.0550989536801368,0.594528761748201,0.810516660174338,0.700608281008736,0.0554927025494322,0.591842584011849,0.809373978005623,0.713550560985045
"result.220","220",0.686,0.626288107962663,0.052976398687758,0.522454366534657,0.730121849390669,0.627738042941305,0.052221507773072,0.525383887706084,0.730092198176526,0.60637991284145
"result.221","221",0.686,0.712466785559574,0.0566031484572484,0.601524614583367,0.823408956535781,0.71410310947458,0.0563952117892438,0.603568494367662,0.824637724581498,0.707002005982411
"result.222","222",0.686,0.736614081195098,0.0572929502848257,0.624319898636839,0.848908263753356,0.738369343906988,0.0566792216031388,0.627278069564836,0.84946061824914,0.719770441096878
"result.223","223",0.686,0.686013353511731,0.0550640411360886,0.578087832884998,0.793938874138465,0.692349842711228,0.0548700670640126,0.584804511265763,0.799895174156692,0.680962245518582
"result.224","224",0.686,0.66834397869666,0.0530806565112252,0.564305891934659,0.772382065458662,0.665971238351969,0.0528859953584049,0.562314687449495,0.769627789254443,0.663110246743148
"result.225","225",0.686,0.653642656039508,0.0519446930422078,0.55183105767678,0.755454254402235,0.657591144435743,0.0508642717994018,0.557897171708915,0.75728511716257,0.62604925401501
"result.226","226",0.686,0.761084739285981,0.0581381667269511,0.647133932501157,0.875035546070805,0.763363556891595,0.0569270900176934,0.651786460456916,0.874940653326274,0.72727235678061
"result.227","227",0.686,0.674979078302188,0.052008332988259,0.573042745645201,0.776915410959176,0.676224443878061,0.0514776777214238,0.57532819554407,0.777120692212051,0.660141502701762
"result.228","228",0.686,0.730468317002444,0.0562228625961476,0.620271506313995,0.840665127690893,0.736079502347958,0.055816797221855,0.626678579793122,0.845480424902793,0.719697605901144
"result.229","229",0.686,0.720056034217304,0.0542601445838263,0.613706150833005,0.826405917601604,0.717704000283148,0.0540712519666107,0.611724346428591,0.823683654137705,0.714947770888483
"result.230","230",0.686,0.675301655851467,0.0536448746723811,0.5701577014936,0.780445610209334,0.678266477937753,0.0507227684757507,0.578849851725282,0.777683104150224,0.60380410074467
"result.231","231",0.686,0.743376090970294,0.0572289355566292,0.631207377279301,0.855544804661287,0.746749916934144,0.057024800982216,0.634981307009001,0.858518526859288,0.737893122414487
"result.232","232",0.686,0.602447111495381,0.0530294201214722,0.498509448057296,0.706384774933467,0.602844726415124,0.0528211755450879,0.499315222346752,0.706374230483497,0.597649381739426
"result.233","233",0.686,0.650327047687957,0.0539071423823876,0.544669048618478,0.755985046757437,0.654386773408374,0.053510733668342,0.549505735418424,0.759267811398324,0.640348900564253
"result.234","234",0.686,0.647185846410679,0.0537804700512602,0.541776125110209,0.752595567711149,0.64198291852198,0.0541566784185694,0.535835828821584,0.748130008222376,0.657190232812734
"result.235","235",0.686,0.598367047518074,0.0494531126637663,0.501438946697092,0.695295148339056,0.60235554176828,0.0492753661463615,0.505775824121411,0.698935259415148,0.593829457497421
"result.236","236",0.686,0.753981225945384,0.0560005380616892,0.644220171344473,0.863742280546295,0.756078131223312,0.0561920261574013,0.645941759954806,0.866214502491819,0.759492844278308
"result.237","237",0.686,0.671221047060637,0.0529043562801015,0.567528508751638,0.774913585369637,0.672697561612109,0.0514502471095026,0.571855077277484,0.773540045946734,0.632797468373568
"result.238","238",0.686,0.701102400515816,0.0540766168145452,0.595112231559308,0.807092569472325,0.700709115683349,0.0542718215437064,0.594336345457684,0.807081885909013,0.706206674855779
"result.239","239",0.686,0.666442778620506,0.053228475473906,0.56211496669165,0.770770590549362,0.668804873538912,0.0532286143339196,0.56447678944443,0.773132957633395,0.666413151160862
"result.240","240",0.686,0.712448657604055,0.0570796663938274,0.600572511472154,0.824324803735957,0.715753623533471,0.0562375280862686,0.605528068484384,0.825979178582557,0.691093624821361
"result.241","241",0.686,0.735624936445559,0.0565473989199863,0.624792034562386,0.846457838328732,0.737625403603059,0.056547555673764,0.626792194482482,0.848458612723637,0.73559136582317
"result.242","242",0.686,0.801106489798101,0.0605981709715447,0.682334074693873,0.919878904902328,0.802352141351191,0.0603718133607615,0.684023387164098,0.920680895538283,0.794304409282014
"result.243","243",0.686,0.698625815177032,0.057880486607354,0.585180061426618,0.812071568927445,0.702818346030299,0.0570394186350906,0.591021085505522,0.814615606555076,0.676334867750767
"result.244","244",0.686,0.758896222514951,0.0611578004830583,0.639026933568157,0.878765511461745,0.764144439018776,0.0609255950817154,0.644730272658614,0.883558605378938,0.7530968996516
"result.245","245",0.686,0.768011306583573,0.0614544313838779,0.647560621071173,0.888461992095974,0.768948223242927,0.0607700981417809,0.649838830885036,0.888057615600818,0.749315865199951
"result.246","246",0.686,0.671404719822046,0.0542735458285111,0.565028569998165,0.777780869645928,0.667230463369994,0.0548746704049452,0.559676109376301,0.774784817363686,0.687063293527333
"result.247","247",0.686,0.754385044174441,0.059300794755206,0.638155486454237,0.870614601894645,0.753254175571087,0.059300942936184,0.637024327416166,0.869484023726007,0.754355021850108
"result.248","248",0.686,0.66711418255338,0.0538398008626943,0.5615881728625,0.772640192244261,0.671685666952602,0.0527057755483941,0.568382346877749,0.774988987027454,0.636604877282913
"result.249","249",0.686,0.684602273780902,0.054274766852455,0.57822373075009,0.790980816811714,0.686209081829962,0.0535182187968379,0.58131337298816,0.791104790671764,0.664658383358424
"result.250","250",0.686,0.675070005580838,0.0516260456110933,0.573882956183095,0.776257054978581,0.678310490855613,0.0507346577471184,0.578870561671261,0.777750420039965,0.650746013171174
"result.251","251",0.686,0.759818712871026,0.0554587915378254,0.651119481456888,0.868517944285164,0.765940567630774,0.0548844811282387,0.658366984619426,0.873514150642122,0.743894890441291
"result.252","252",0.686,0.716633486136794,0.056075122139556,0.606726246743264,0.826540725530324,0.71561401053949,0.056075272724687,0.605706475999103,0.825521545079876,0.716601441689184
"result.253","253",0.686,0.663284631540827,0.0557846474570696,0.553946722524971,0.772622540556684,0.65680182448683,0.0563950858861931,0.546267456149891,0.767336192823768,0.678993758569461
"result.254","254",0.686,0.648222348821996,0.0523242720968391,0.545666775512191,0.7507779221318,0.642571656866637,0.0525125130958602,0.539647131198751,0.745496182534523,0.653167643439721
"result.255","255",0.686,0.69549833331462,0.0535142946645138,0.590610315772173,0.800386350857067,0.693200967698443,0.0536984632454133,0.587951979737433,0.798449955659453,0.700431735684279
"result.256","256",0.686,0.678241962421387,0.0567427176050614,0.567026235915467,0.789457688927307,0.68266073139357,0.0565373633625967,0.57184749920288,0.793473963584259,0.672862901858073
"result.257","257",0.686,0.74323844883113,0.0577312622460818,0.63008517482881,0.85639172283345,0.741371799045917,0.0575272560939447,0.628618377101785,0.854125220990049,0.737681453343715
"result.258","258",0.686,0.696981345218274,0.0539627770368585,0.591214302226032,0.802748388210517,0.700103722947425,0.0533946444428691,0.595450219839401,0.804757226055448,0.681373899172659
"result.259","259",0.686,0.663921864506551,0.0526099708181495,0.560806321702978,0.767037407310124,0.66604011737676,0.0517148227997137,0.564679064689321,0.767401170064199,0.639329163205746
"result.260","260",0.686,0.724639117509058,0.0558808727197903,0.615112606978269,0.834165628039848,0.726484085672167,0.0547197425874514,0.619233390200762,0.833734781143571,0.69141341184675
"result.261","261",0.686,0.676692931988205,0.0522357631237951,0.574310836265567,0.779075027710843,0.681310333244569,0.0520520958983986,0.579288225283708,0.783332441205431,0.671625665038271
"result.262","262",0.686,0.722567072309272,0.0587740406199732,0.607369952694124,0.837764191924419,0.727940747836358,0.0578880211302921,0.614480226420986,0.841401269251731,0.699515385462554
"result.263","263",0.686,0.590350143474978,0.051800911294067,0.488820357338607,0.691879929611349,0.584853581259437,0.0519903845731028,0.482952427496155,0.686754735022718,0.595051640766149
"result.264","264",0.686,0.749149561979174,0.0558468829508762,0.639689671395457,0.858609452562891,0.751126230223677,0.0552758676411479,0.642785529647027,0.859466930800327,0.732817985955569
"result.265","265",0.686,0.664565001389219,0.0531564188826636,0.560378420379198,0.768751582399239,0.666403192979191,0.0516402702028168,0.56518826338167,0.767618122576712,0.624763154903506
"result.266","266",0.686,0.816550814155807,0.062961365691042,0.693146537401365,0.93995509091025,0.812333414472141,0.063193839601272,0.688473488853648,0.936193340090634,0.823010298166131
"result.267","267",0.686,0.665721829122929,0.0543960121703246,0.559105645269093,0.772338012976765,0.670616435593347,0.0542029952794535,0.564378564845618,0.776854306341076,0.660899733586349
"result.268","268",0.686,0.658592096908504,0.0555399506845114,0.549733793566861,0.767450400250146,0.663218308738109,0.055337376405283,0.554757050983755,0.771679566492464,0.653647729475479
"result.269","269",0.686,0.659540530013794,0.053062598928049,0.555537836114818,0.76354322391277,0.663822777115277,0.0523228646667783,0.561269962368391,0.766375591862162,0.640459080091212
"result.270","270",0.686,0.729837831835262,0.0590960344536771,0.614009604306055,0.845666059364469,0.735804248949962,0.0586773205820781,0.620796700609089,0.850811797290835,0.718748024435102
"result.271","271",0.686,0.704607721712429,0.0562265553906305,0.594403673146794,0.814811770278065,0.709677393589774,0.0548257579110067,0.602218908084201,0.817135879095347,0.66810281505169
"result.272","272",0.686,0.724686067375304,0.0574573181624822,0.612069723776839,0.837302410973769,0.723526330869178,0.0572479945924272,0.61132026146802,0.835732400270335,0.719135481928558
"result.273","273",0.686,0.70642962324954,0.055007653413745,0.5986146225586,0.81424462394048,0.708481990611156,0.0552044932973279,0.600281183748394,0.816682797473919,0.711489221462097
"result.274","274",0.686,0.714354700629579,0.05792386646719,0.600823922353887,0.827885478905272,0.720376047124223,0.0570634938086342,0.6085315992593,0.832220494989146,0.693054347983256
"result.275","275",0.686,0.669334194012473,0.0543868683692152,0.562735932008811,0.775932456016134,0.670464124072019,0.0543870333587743,0.563865538688821,0.777062709455216,0.669304770329714
"result.276","276",0.686,0.713038806486711,0.0574041608899089,0.600526651142489,0.825550961830932,0.717245831188482,0.056992243844955,0.60554103325237,0.828950629124594,0.702592756837023
"result.277","277",0.686,0.755564480762089,0.0570073059260349,0.643830161147061,0.867298800377117,0.756459122453903,0.0570074764843806,0.644724468544517,0.868193776363289,0.75553454688207
"result.278","278",0.686,0.653454942383528,0.0527467546904612,0.550071303190224,0.756838581576832,0.651655749218052,0.052563124657029,0.548632024890275,0.754679473545829,0.648660543865629
"result.279","279",0.686,0.68526707133353,0.0560517970864171,0.575405549044152,0.795128593622907,0.682079665292612,0.0566468788095069,0.571051782825978,0.793107547759245,0.7010598452018
"result.280","280",0.686,0.655037076559685,0.0570270697774532,0.543264019795877,0.766810133323493,0.65738721545621,0.0564036546109046,0.546836052418837,0.767938378493583,0.639602997095892
"result.281","281",0.686,0.724469038297892,0.0581848764998639,0.610426680358158,0.838511396237625,0.726545553343431,0.0577556841485481,0.613344412412277,0.839746694274585,0.713859561344922
"result.282","282",0.686,0.739169330090738,0.0571661007573202,0.62712377260639,0.851214887575085,0.743146914017743,0.0569587092674122,0.631507843853615,0.854785984181871,0.733666357876755
"result.283","283",0.686,0.708573310647274,0.0578340758771925,0.595218521927977,0.821928099366571,0.712310287871114,0.057209283497388,0.600180092216234,0.824440483525995,0.69069949578513
"result.284","284",0.686,0.663774769076504,0.0521657503413811,0.561529898407397,0.766019639745611,0.667476243571357,0.0516279146714876,0.566285530815241,0.768666956327473,0.649400483351901
"result.285","285",0.686,0.720546380623503,0.055422996498899,0.611917307485661,0.829175453761345,0.725688526386743,0.0544172070371728,0.619030800593884,0.832346252179602,0.693790029244669
"result.286","286",0.686,0.664186692930206,0.0533948389931972,0.559532808503539,0.768840577356872,0.668057579107842,0.0524561838512765,0.56524345875934,0.770871699456344,0.639738518760792
"result.287","287",0.686,0.688810769282053,0.0545863826852052,0.58182145921905,0.795800079345055,0.69402955567734,0.0540090994434382,0.588171720768201,0.799887390586479,0.673605157449426
"result.288","288",0.686,0.63172500068862,0.051868984006223,0.530061792036422,0.733388209340817,0.636939582297006,0.0513064644204054,0.536378912033012,0.737500252561001,0.61666153396525
"result.289","289",0.686,0.746401454727034,0.0548987138944866,0.63879997549384,0.854002933960228,0.747445654878838,0.0547039091810343,0.640225992884011,0.854665316873666,0.740901153459265
"result.290","290",0.686,0.689491861442393,0.0561016534427682,0.579532620694567,0.799451102190218,0.685925556761963,0.0563018649618614,0.575573901436715,0.796277212087212,0.694816050780332
"result.291","291",0.686,0.639493316314466,0.0527770870673137,0.536050225662531,0.742936406966401,0.639701432370696,0.0518352512287435,0.538104339962359,0.741298524779033,0.614579559116497
"result.292","292",0.686,0.770089345814636,0.0595611458701637,0.653349499909115,0.886829191720157,0.772602531086277,0.0587013209497382,0.65754794202479,0.887657120147763,0.74717923063548
"result.293","293",0.686,0.744841600102792,0.0577538331660678,0.631644087097299,0.858039113108285,0.743690852039179,0.0577539640467238,0.6304930825076,0.856888621570758,0.744812826456573
"result.294","294",0.686,0.659475181009846,0.0538410956057239,0.553946633622627,0.765003728397065,0.663272449065371,0.0534628265306277,0.558485309065341,0.768059589065402,0.649132630505074
"result.295","295",0.686,0.609223542467273,0.0512892955237997,0.508696523240626,0.70975056169392,0.610915657632322,0.0499991563426697,0.51291731120069,0.708914004063955,0.577807911990077
"result.296","296",0.686,0.723783249082434,0.0569776516631625,0.612107051822635,0.835459446342232,0.723325824298595,0.0571914912038204,0.611230501539108,0.835421147058083,0.729716368153456
"result.297","297",0.686,0.671766113729877,0.0541304393461779,0.565670452611368,0.777861774848385,0.668806023660261,0.0547188580604419,0.561557061861795,0.776054985458727,0.686499913490795
"result.298","298",0.686,0.735510380441249,0.052796545482998,0.632029151294573,0.838991609587926,0.737680116014402,0.0524449873136171,0.634887940879713,0.840472291149092,0.725113144565156
"result.299","299",0.686,0.599686635541163,0.0515016401578883,0.498743420831702,0.700629850250624,0.59979210449494,0.0490568690196824,0.503640641216362,0.695943567773517,0.539726834959376
"result.300","300",0.686,0.704806722432743,0.0552816954753982,0.596454599300962,0.813158845564523,0.706623256469054,0.0539579458876319,0.600865682529296,0.812380830408813,0.666145230202273
"result.301","301",0.686,0.685624942062965,0.0543857164501131,0.579028937820743,0.792220946305186,0.687739200496557,0.0540109479482825,0.581877742517924,0.793600658475191,0.674894588872075
"result.302","302",0.686,0.713020133665992,0.0549695601937922,0.605279795686159,0.820760471645825,0.707433820953245,0.0551567760096148,0.5993265399744,0.81554110193209,0.718436529220221
"result.303","303",0.686,0.67959680298772,0.0545811934138184,0.572617663896636,0.786575942078804,0.683061739674803,0.0536031213148645,0.577999621897669,0.788123857451938,0.652357113069425
"result.304","304",0.686,0.699614938380743,0.0538074118225168,0.59415241120861,0.805077465552876,0.693792679030253,0.0541723136374577,0.587614944300835,0.79997041375967,0.710239500961745
"result.305","305",0.686,0.691412158760661,0.0559298598322472,0.581789633489457,0.801034684031866,0.693275542786133,0.0559300259776359,0.583652691869966,0.802898393702299,0.691381740593163
"result.306","306",0.686,0.744193523942554,0.0590722179218832,0.628411976815663,0.859975071069445,0.745048128398519,0.0592832125142809,0.628853031870529,0.86124322492651,0.749802882831808
"result.307","307",0.686,0.688818238391538,0.0539666293623933,0.583043644841247,0.794592831941829,0.693585367685225,0.0537741158432525,0.588188100632451,0.798982634738,0.683501859455102
"result.308","308",0.686,0.651536835378124,0.0529275153836628,0.547798905226145,0.755274765530103,0.65820889150413,0.0521451766689121,0.556004345233062,0.760413437775197,0.632870645133874
"result.309","309",0.686,0.673790102082542,0.0555639179016151,0.564884822995376,0.782695381169707,0.674099892738445,0.0557737551764843,0.564783332592536,0.783416452884354,0.678828072810926
"result.310","310",0.686,0.731770499391759,0.0570396742697592,0.619972737823031,0.843568260960487,0.738146034897858,0.0566325899633578,0.627146158569677,0.84914591122604,0.721001447546993
"result.311","311",0.686,0.689836976166093,0.0575301861203542,0.577077811370199,0.802596140961987,0.694973387265467,0.0564577909758173,0.584316116952865,0.805630657578069,0.663054440706343
"result.312","312",0.686,0.754833171853325,0.0572517183434359,0.642619803900191,0.86704653980646,0.756752389234911,0.0562558260543661,0.646490970168354,0.867013808301469,0.72683907648593
"result.313","313",0.686,0.672146145750214,0.0537611404934595,0.566774310383033,0.777517981117394,0.670627822160853,0.0537612482177002,0.565255775654161,0.775999868667545,0.672117107985235
"result.314","314",0.686,0.66335118086735,0.0530238492419335,0.55942443635316,0.767277925381539,0.665403049371099,0.0521026663678736,0.563281823290066,0.767524275452131,0.639227805628107
"result.315","315",0.686,0.685545906536264,0.0543719470577921,0.578976890302991,0.792114922769536,0.68624513301762,0.0541770729685506,0.580058069999261,0.792432196035979,0.680338162934107
"result.316","316",0.686,0.670049953207171,0.0545493718235948,0.563133184432926,0.776966721981417,0.670954267569988,0.0547473865844546,0.563649389864457,0.778259145275519,0.675155500116416
"result.317","317",0.686,0.629780176881231,0.0523483205134321,0.527177468674904,0.732382885087558,0.624367903797042,0.0527439500171425,0.520989761763443,0.727746045830641,0.639267501801518
"result.318","318",0.686,0.68007304498423,0.0554204913549363,0.571448881928555,0.788697208039905,0.678567297943834,0.0554206585884532,0.569942807110466,0.787191788777203,0.680077768802745
"result.319","319",0.686,0.798156605079209,0.0605953078790819,0.679389801636208,0.91692340852221,0.800305814482404,0.0601729385940652,0.682366854838036,0.918244774126772,0.785744696485744
"result.320","320",0.686,0.658525616312283,0.0531577353000629,0.554336455124159,0.762714777500406,0.660439207674595,0.0529723441127578,0.55661341321359,0.764265002135601,0.6537286445888
"result.321","321",0.686,0.697564226905872,0.0564545230416858,0.586913361744168,0.808215092067576,0.69846427512793,0.0560455526831418,0.588614991868972,0.808313558386888,0.686144498242098
"result.322","322",0.686,0.636434232902248,0.0536452435893667,0.531289555467089,0.741578910337406,0.641596570668164,0.0532531007236618,0.537220493249787,0.745972648086541,0.626959108867862
"result.323","323",0.686,0.619301246157746,0.0508354610703185,0.519663742459922,0.71893874985557,0.624722082682633,0.0500833736380955,0.526558670351966,0.7228854950133,0.600293659948955
"result.324","324",0.686,0.670392341693367,0.0532173417988773,0.566086351767567,0.774698331619166,0.671205952538026,0.0526530058755141,0.568006061022019,0.774405844054034,0.654917016232486
"result.325","325",0.686,0.816915441338637,0.0601597507419676,0.699002329884381,0.934828552792893,0.818064940635017,0.0599473911362081,0.700568054008049,0.935561827261985,0.810815649408349
"result.326","326",0.686,0.645892519799155,0.056181891864479,0.535776011744776,0.756009027853534,0.649389680902016,0.055560590967421,0.540490922605871,0.758288439198161,0.631086381473992
"result.327","327",0.686,0.701951105853394,0.0526091167601141,0.59883723700357,0.805064974703217,0.701709177182283,0.0527913839794281,0.598238064582604,0.805180289781962,0.70701747522693
"result.328","328",0.686,0.506550080996905,0.0485553123585355,0.411381668774176,0.601718493219635,0.50980577811084,0.0469233734061946,0.417835966234698,0.601775589986981,0.471614885155207
"result.329","329",0.686,0.743329342775557,0.0549430710053806,0.635640923605011,0.851017761946103,0.745586291079871,0.0545732895479351,0.638622643565918,0.852549938593823,0.733019752331056
"result.330","330",0.686,0.632790922956537,0.0515396437677218,0.531773221171802,0.733808624741272,0.634938493631648,0.0497007638577209,0.537524996470515,0.732351990792781,0.5844213865713
"result.331","331",0.686,0.715312151861765,0.0529748816719394,0.611481383784763,0.819142919938766,0.716521241394941,0.0511917062636544,0.616185497118179,0.816856985671704,0.665373149696116
"result.332","332",0.686,0.670823650076045,0.0538503149035539,0.565277032865079,0.776370267287011,0.672452930582784,0.0538504873432481,0.566905975390018,0.77799988577555,0.670793889951339
"result.333","333",0.686,0.760209776934216,0.0564802028596708,0.649508579329261,0.87091097453917,0.759431033598149,0.056480388024135,0.648729473070844,0.870132594125454,0.760180201032832
"result.334","334",0.686,0.674245779053043,0.0552798143525751,0.565897342921996,0.78259421518409,0.675639662388288,0.0550801312957018,0.567682605048712,0.783596719727863,0.668938410280389
"result.335","335",0.686,0.648923607758322,0.0533901862892051,0.54427884263148,0.753568372885164,0.650140314462448,0.0524300061367836,0.547377502434352,0.752903126490543,0.624240097086201
"result.336","336",0.686,0.61227075304519,0.0517589757912324,0.510823160494374,0.713718345596005,0.614637087003674,0.0510073721533088,0.514662637583189,0.71461153642416,0.593917159983807
"result.337","337",0.686,0.674018739931543,0.0537703370712674,0.568628879271859,0.779408600591228,0.67314611360736,0.0537704784791456,0.567755975788235,0.778536251426486,0.673987479710299
"result.338","338",0.686,0.769252137592328,0.0607969308271108,0.650090153171191,0.888414122013465,0.770013637834121,0.0610228071503755,0.650408935819385,0.889618339848858,0.775247609579157
"result.339","339",0.686,0.635568828756917,0.0517069140345796,0.534223277249141,0.736914380264693,0.643827534195595,0.0503542374723146,0.545133228749859,0.742521839641332,0.605256968713701
"result.340","340",0.686,0.710529894460741,0.0562262158998205,0.600326511297093,0.820733277624389,0.705904340760892,0.0568240717116549,0.594529160206049,0.817279521315736,0.727212134370915
"result.341","341",0.686,0.655581819626112,0.0537277131590892,0.550275501834297,0.760888137417927,0.653499853144711,0.0537278739723962,0.548193220158815,0.758806486130608,0.65554719250296
"result.342","342",0.686,0.790788945449164,0.0605010247777471,0.67220693688478,0.909370954013548,0.794832997791837,0.0602908835680931,0.676662865998374,0.913003129585299,0.784681799650976
"result.343","343",0.686,0.64848858015733,0.0512705219473054,0.547998357140611,0.748978803174048,0.649705204362084,0.0510912690318518,0.549566317059655,0.749844091664514,0.643715284630714
"result.344","344",0.686,0.707113795947893,0.0524000152997742,0.604409765960335,0.80981782593545,0.707737571416054,0.0511570139217787,0.607469824129367,0.80800531870274,0.673381623519816
"result.345","345",0.686,0.79812825855274,0.0588921804166522,0.682699584936102,0.913556932169379,0.796498090611756,0.0590949508062301,0.680671987031546,0.912324194191967,0.804194294710035
"result.346","346",0.686,0.696698814872163,0.0557646807093212,0.587400040681894,0.805997589062433,0.699760044873897,0.0553498294996317,0.591274379054619,0.808245710693175,0.686042819631125
"result.347","347",0.686,0.753978987685346,0.0574197297830105,0.641436317310645,0.866521658060047,0.754259594315836,0.0568127189115049,0.642906665249287,0.865612523382386,0.736143298170127
"result.348","348",0.686,0.653145897529777,0.0527364569017077,0.54978244200243,0.756509353057125,0.655015599800042,0.0525470807417838,0.552023321546145,0.758007878053938,0.648080394873332
"result.349","349",0.686,0.646250305935649,0.052038262367464,0.54425531169542,0.748245300175879,0.649169872356935,0.0509076464383198,0.549390885337829,0.748948859376042,0.617663993826617
"result.350","350",0.686,0.735210608062029,0.0567056783064972,0.624067478581294,0.846353737542763,0.733732074673395,0.0571032849133986,0.621809636243134,0.845654513103657,0.746385118531091
"result.351","351",0.686,0.708827616920626,0.0575936986411639,0.595943967583945,0.821711266257307,0.703739618373698,0.0580073171354326,0.59004527678825,0.817433959959145,0.719694619574911
"result.352","352",0.686,0.720496747909396,0.056327043636796,0.610095742381276,0.830897753437516,0.718396120971762,0.0563271640141776,0.607994879503973,0.82879736243955,0.720465504039633
"result.353","353",0.686,0.768777305815603,0.0577979462727505,0.655493331121012,0.882061280510194,0.774257113819064,0.0573839887056306,0.661784495956028,0.8867297316821,0.757771306473068
"result.354","354",0.686,0.742948005591188,0.0581642157058571,0.628946142807708,0.856949868374668,0.746806528583564,0.0575439698366071,0.634020347703814,0.859592709463314,0.726999762716974
"result.355","355",0.686,0.697405931768263,0.0556688197489017,0.588295045060416,0.806516818476111,0.696011272284754,0.0564570288243856,0.585355495788959,0.80666704878055,0.719136627378095
"result.356","356",0.686,0.744986074660159,0.0579577989293929,0.631388788758549,0.858583360561769,0.746234229588873,0.0575324121069737,0.633470701859204,0.858997757318541,0.732987872798504
"result.357","357",0.686,0.680159773609289,0.05561676004645,0.571150923918247,0.789168623300331,0.683872333203628,0.0552090149878231,0.575662663827495,0.792082002579762,0.669405969023514
"result.358","358",0.686,0.659495395970052,0.0526831131390436,0.556236494217527,0.762754297722577,0.662518911042578,0.0519257561342451,0.560744429019457,0.764293393065698,0.638917795904638
"result.359","359",0.686,0.671930721845475,0.0550026457021756,0.564125536269211,0.779735907421739,0.671681949038346,0.0534630975993816,0.566894277743558,0.776469620333134,0.631347540406628
"result.360","360",0.686,0.703269506870779,0.0530396944133523,0.599311705820608,0.807227307920949,0.708931883111568,0.0521092279229874,0.606797796382512,0.811065969840623,0.679581167939857
"result.361","361",0.686,0.729236047049043,0.0555963909668313,0.620267120754053,0.838204973344032,0.735349465277785,0.0552073404918887,0.627143077913683,0.843555852641887,0.718411623375709
"result.362","362",0.686,0.656079732739272,0.0504802128613271,0.557138515531071,0.755020949947473,0.658311737042831,0.0504803343168903,0.559370281781726,0.757253192303936,0.656048890296621
"result.363","363",0.686,0.664983922649344,0.0535416640258942,0.560042261158591,0.769925584140097,0.663242130723665,0.0533467507818911,0.558682499191159,0.767801762256172,0.659956302041505
"result.364","364",0.686,0.661957504673703,0.0536514506245506,0.556800661449583,0.767114347897822,0.662555395291849,0.0536515943566665,0.557398270352783,0.767712520230915,0.661924649458199
"result.365","365",0.686,0.633947366061181,0.0524895900424958,0.531067769577889,0.736826962544473,0.636234996716113,0.0521041928969674,0.534110778638057,0.738359214794169,0.623755525113845
"result.366","366",0.686,0.704690179659208,0.0580080576542647,0.590994386656849,0.818385972661567,0.708293531685482,0.0573771255956764,0.595834365517956,0.820752697853008,0.688172217427319
"result.367","367",0.686,0.657684935025883,0.0520929749280726,0.555582704166861,0.759787165884905,0.657117742793922,0.05190632425499,0.555381347254141,0.758854138333702,0.653242291708461
"result.368","368",0.686,0.606713452924453,0.0498128389143902,0.509080288652248,0.704346617196658,0.604903695163809,0.0496380930750696,0.507613032736673,0.702194357590946,0.602211514461019
"result.369","369",0.686,0.644269581080953,0.054039117571661,0.538352910640498,0.750186251521409,0.648837423969039,0.0538466440193519,0.543298001691109,0.754376846246968,0.639762884106865
"result.370","370",0.686,0.647791330549153,0.0522478037828985,0.545385635134672,0.750197025963634,0.64803326653158,0.0515156437415792,0.547062604798085,0.749003928265075,0.628137077689792
"result.371","371",0.686,0.655189366493256,0.0524494031360085,0.55238853634668,0.757990196639833,0.653363862287067,0.0524495864940358,0.550562672758757,0.756165051815377,0.655160869458675
"result.372","372",0.686,0.721855463365817,0.0564771607553097,0.61116022828541,0.832550698446224,0.725891409194659,0.0558882355014698,0.616350467611779,0.83543235077754,0.705422828692956
"result.373","373",0.686,0.719352726741452,0.0577901246290284,0.606084082468557,0.832621371014348,0.719494404330225,0.0577902514951619,0.606225511399708,0.832763297260743,0.719323423255243
"result.374","374",0.686,0.735878522009072,0.0586389905695629,0.620946100492729,0.850810943525416,0.739068046067966,0.0582024474090139,0.624991249146299,0.853144842989634,0.724253408255668
"result.375","375",0.686,0.82761160898316,0.0603958474809804,0.709235747920439,0.945987470045882,0.830203926628938,0.0592848452181429,0.714005630001378,0.946402223256498,0.795270602419645
"result.376","376",0.686,0.638877441791974,0.0548342960403037,0.531402221552979,0.746352662030969,0.640080335688581,0.0550409002139124,0.532200171269313,0.74796050010785,0.644105426281807
"result.377","377",0.686,0.690639540729961,0.0544142349206343,0.583987640285518,0.797291441174404,0.696262947118799,0.0540291929472395,0.59036572894221,0.802160165295389,0.680379821529115
"result.378","378",0.686,0.652108548895571,0.0546062037629176,0.545080389520253,0.75913670827089,0.654482335926852,0.0546063566916971,0.547453876811125,0.761510795042578,0.652076021865688
"result.379","379",0.686,0.767158944289924,0.057553155806577,0.654354758909033,0.879963129670815,0.763225495854786,0.0579641411827527,0.649615779136591,0.876835212572981,0.778953219737881
"result.380","380",0.686,0.652142076902973,0.0558236907302203,0.542727643071741,0.761556510734205,0.65806258671728,0.0551782071452137,0.549913300712661,0.766211872721899,0.637258180564027
"result.381","381",0.686,0.653956171445889,0.0540458911167668,0.548026224857026,0.759886118034752,0.65024446162295,0.0546396072495922,0.543150831413749,0.757338091832151,0.668558823895307
"result.382","382",0.686,0.617592197935541,0.0524010442570634,0.514886151191696,0.720298244679385,0.615392117928467,0.0524012200721485,0.512685726587056,0.718098509269878,0.617559823913762
"result.383","383",0.686,0.641772138282524,0.0555897372613317,0.532816253250314,0.750728023314735,0.647509694300776,0.0543505539795331,0.540982608500891,0.754036780100661,0.611730855453496
"result.384","384",0.686,0.642961532962969,0.0543906020148111,0.536355953013939,0.749567112911999,0.643875899775931,0.0537998996509581,0.538428096460053,0.749323703091809,0.627739358120604
"result.385","385",0.686,0.756595334757442,0.0572782160988055,0.644330031203783,0.868860638311101,0.76035496670632,0.0564769815287871,0.649660082909897,0.871049850502742,0.734094536117536
"result.386","386",0.686,0.665626987475512,0.0562892195414284,0.555300117174312,0.775953857776712,0.667691321930236,0.056289425356545,0.557364048231408,0.778018595629064,0.665595217800293
"result.387","387",0.686,0.774784224491598,0.0587721564999255,0.659590797751744,0.889977651231452,0.773636264758237,0.0589835669808294,0.658028473475811,0.889244056040662,0.780748378816654
"result.388","388",0.686,0.703067613396505,0.0571527617637586,0.591048200339538,0.815087026453472,0.708032724504409,0.0569382441866613,0.596433765898553,0.819631683110265,0.697740139448757
"result.389","389",0.686,0.586693440097159,0.0524389007531562,0.483913194620973,0.689473685573345,0.583616359483634,0.0532272353836735,0.479290978131634,0.687941740835634,0.605981400799048
"result.390","390",0.686,0.680278616861446,0.0543480887979538,0.573756362817457,0.786800870905435,0.685658803968113,0.0535658036502122,0.580669828813697,0.790647779122529,0.659875588249495
"result.391","391",0.686,0.71984185252631,0.055578571762277,0.610907851872246,0.828775853180373,0.722676832004356,0.0544421748030561,0.615970169390366,0.829383494618346,0.68894812521547
"result.392","392",0.686,0.673448002349558,0.05305754193322,0.569455220160447,0.77744078453867,0.677341133649387,0.052102441470631,0.57522034836695,0.779461918931823,0.648092645675808
"result.393","393",0.686,0.730605875114997,0.0558611529882102,0.621118015258105,0.840093734971889,0.734387675158216,0.0549026488060443,0.626778483498369,0.841996866818063,0.702646974517024
"result.394","394",0.686,0.748164805621838,0.0585804730774564,0.633347078390023,0.862982532853652,0.754542121062861,0.0583648257724284,0.640147062548901,0.86893717957682,0.742155059122688
"result.395","395",0.686,0.688976364684181,0.05443549614532,0.582282792239354,0.795669937129008,0.693585412471859,0.0540437522932778,0.587659657977035,0.799511166966684,0.678727829310151
"result.396","396",0.686,0.708559600996179,0.0568331845490594,0.597166559280022,0.819952642712335,0.715078786989743,0.0566242061073489,0.604095343019339,0.826062230960147,0.703344660942636
"result.397","397",0.686,0.611490459785489,0.0527546798868529,0.508091287207257,0.71488963236372,0.617481265208542,0.0525608036327307,0.51446209008839,0.720500440328695,0.606709011654915
"result.398","398",0.686,0.738428414310347,0.0555041050754659,0.629640368362434,0.84721646025826,0.743313330678616,0.0549309038333462,0.635648759165257,0.850977902191974,0.722103198902198
"result.399","399",0.686,0.73821691978643,0.0572318866505661,0.626042421951321,0.85039141762154,0.739314716216425,0.056235529906367,0.629093077599945,0.849536354832904,0.709679019136292
"result.400","400",0.686,0.630181247899031,0.05351942020319,0.525283184300778,0.735079311497283,0.634242567412643,0.0529169648035235,0.530525316397737,0.737959818427549,0.615403852463786
"result.401","401",0.686,0.699440388725638,0.0562998835490707,0.589092616969459,0.809788160481816,0.704595510214243,0.0548799088997627,0.597030888770709,0.812160131657778,0.664278288110722
"result.402","402",0.686,0.65472605733228,0.054967913801908,0.546988946280541,0.76246316838402,0.652004041579102,0.0555467637513481,0.543132384626459,0.760875698531744,0.670087179363213
"result.403","403",0.686,0.757016364426224,0.0577457277176059,0.643834738099716,0.870197990752731,0.756799459467784,0.0577458969157957,0.643617501512824,0.869981417422744,0.756987078601411
"result.404","404",0.686,0.677500536425431,0.0567792110194912,0.566213282827228,0.788787790023633,0.673205786011483,0.0569780843263743,0.561528740731789,0.784882831291176,0.682936477732763
"result.405","405",0.686,0.703637104832158,0.0557188783328358,0.5944281032998,0.812846106364516,0.704133469470479,0.0555189939472031,0.59531624133396,0.812950697606997,0.698222063089113
"result.406","406",0.686,0.65526114021182,0.0523463700293163,0.55266225495436,0.75786002546928,0.65639560651521,0.0519824284962796,0.554510046662502,0.758281166367918,0.645185748195955
"result.407","407",0.686,0.733950539424832,0.055304103895726,0.625554495789209,0.842346583060455,0.73230265129149,0.0553042660427832,0.623906289847635,0.840699012735345,0.733919254043866
"result.408","408",0.686,0.747187145686989,0.0579117003186397,0.633680213062455,0.860694078311522,0.752821640520393,0.0572978163702847,0.640517920434635,0.865125360606151,0.730641073060741
"result.409","409",0.686,0.764177960859889,0.0576835358730491,0.651118230548713,0.877237691171065,0.768426740552019,0.0572748292659271,0.656168075190802,0.880685405913236,0.752570072842691
"result.410","410",0.686,0.69574331780604,0.0560305396334196,0.585923460124538,0.805563175487543,0.699758199766698,0.0552155920730169,0.591535639303585,0.807980760229811,0.674167263975538
"result.411","411",0.686,0.664321628546713,0.0563971038232447,0.553783305053153,0.774859952040273,0.666543081945285,0.0557697931845779,0.557234287303513,0.775851876587058,0.649080841438208
"result.412","412",0.686,0.780763308230518,0.05808733892788,0.666912123931873,0.894614492529163,0.78342780451194,0.0582876853185466,0.669183941287588,0.897671667736291,0.786895295908482
"result.413","413",0.686,0.685997826841131,0.0522281789054035,0.58363059618654,0.788365057495722,0.684493918612172,0.0508123332861965,0.584901745371227,0.784086091853117,0.645740537749882
"result.414","414",0.686,0.679908742544601,0.0531600270996905,0.575715089429208,0.784102395659995,0.681787350892285,0.0524267056512603,0.579031007815815,0.784543693968755,0.66028699115942
"result.415","415",0.686,0.685980223386683,0.0544629522107801,0.579232837053554,0.792727609719812,0.690714395460981,0.0542590003400982,0.584366754794389,0.797062036127574,0.680669131542046
"result.416","416",0.686,0.677330740773416,0.0541425002863547,0.571211440212161,0.783450041334671,0.678151709648518,0.0537473732610172,0.572806858056925,0.783496561240112,0.66657106501731
"result.417","417",0.686,0.63506415535401,0.0528642302627317,0.531450264039056,0.738678046668964,0.633322420734647,0.0528643937867874,0.529708208912544,0.73693663255675,0.635032315092027
"result.418","418",0.686,0.704005956633046,0.0557444628095054,0.594746809526415,0.813265103739676,0.703838496369665,0.0559427599346227,0.594190686897805,0.813486305841526,0.709725622024971
"result.419","419",0.686,0.713028431907673,0.0564204395682886,0.602444370353827,0.823612493461518,0.718040133002512,0.0560224741038703,0.608236083758926,0.827844182246097,0.702486842436445
"result.420","420",0.686,0.745146750105441,0.057360037218134,0.632721077157899,0.857572423052984,0.746333491788867,0.0573601732073913,0.63390755230238,0.858759431275354,0.745116302287333
"result.421","421",0.686,0.727636803898142,0.0555179998747114,0.618821524143707,0.836452083652576,0.729884751774063,0.054729668885585,0.622614600758316,0.837154902789809,0.704712814115729
"result.422","422",0.686,0.744661378449074,0.0553912998731073,0.636094430697783,0.853228326200364,0.743609740827485,0.0553914450617531,0.635042508506449,0.852176973148521,0.744630264500165
"result.423","423",0.686,0.706171297049542,0.0569602139773308,0.594529277653974,0.81781331644511,0.706468424461864,0.0569604012359267,0.594826038039448,0.81811081088428,0.706141876639668
"result.424","424",0.686,0.706900586262284,0.0546243072965485,0.599836943961049,0.813964228563519,0.710751204526403,0.0542366757663121,0.604447320024432,0.817055089028375,0.696568684545286
"result.425","425",0.686,0.761812331709876,0.0568327273578287,0.650420186088531,0.87320447733122,0.764082999866009,0.0562425184008591,0.653847663800325,0.874318335931693,0.745072265591464
"result.426","426",0.686,0.586655529420397,0.0496758697502546,0.489290824709898,0.684020234130896,0.590678390779596,0.0486189878365174,0.495385174620022,0.68597160693917,0.560152851183156
"result.427","427",0.686,0.684203723770719,0.0534575253797564,0.579426974026396,0.788980473515041,0.685539401715099,0.0525099232724109,0.582619952101173,0.788458851329024,0.65824213419684
"result.428","428",0.686,0.709968642833991,0.0560819712008223,0.600047979280379,0.819889306387603,0.714817017688372,0.0550960294430594,0.606828799979976,0.822805235396769,0.684061680598016
"result.429","429",0.686,0.699658995753311,0.0542800758883529,0.59327004701214,0.806047944494483,0.69795172395594,0.0529845283877423,0.594102048315965,0.801801399595915,0.662521614824245
"result.430","430",0.686,0.726814827966961,0.0549079215326158,0.619195301763034,0.834434354170888,0.731566906760012,0.053924647156998,0.625874598332296,0.837259215187728,0.699614406281341
"result.431","431",0.686,0.78092553334541,0.0599373932538255,0.663448242567913,0.898402824122908,0.788325793972943,0.0586790241835383,0.673314906573208,0.903336681372678,0.746117031400545
"result.432","432",0.686,0.663614700423803,0.0544261215730459,0.556939502140633,0.770289898706973,0.666813986691546,0.0534248355754925,0.56210130896358,0.771526664419511,0.638105641770642
"result.433","433",0.686,0.65015959339681,0.0513809278292328,0.549452974851514,0.750866211942107,0.655118994004156,0.0512054033286668,0.554756403479969,0.755481584528343,0.645065549688378
"result.434","434",0.686,0.736825326847204,0.0562011956570927,0.626670983359302,0.846979670335106,0.741439469373341,0.0553974952340257,0.63286037871465,0.850018560032031,0.714620663855651
"result.435","435",0.686,0.733458020070893,0.057140406851483,0.621462822641986,0.8454532174998,0.736034479294773,0.0569318216083595,0.624448108942389,0.847620849647158,0.727834988801684
"result.436","436",0.686,0.695999654409466,0.0537209635546188,0.590706565842413,0.801292742976519,0.6984699793238,0.0520007160702942,0.596548575826023,0.800391382821576,0.650582142621624
"result.437","437",0.686,0.682557949431788,0.0546605884834501,0.575423196004226,0.78969270285935,0.68315166622971,0.0546607324950441,0.576016630539424,0.790286701919997,0.682527054811697
"result.438","438",0.686,0.712960835451651,0.0587325619422271,0.597845014044886,0.828076656858416,0.715619645651901,0.0583040214179555,0.601343763672708,0.829895527631093,0.701116609475891
"result.439","439",0.686,0.745857827210586,0.0543823773017178,0.639268367699219,0.852447286721952,0.741592127653181,0.0545659686278878,0.634642829142521,0.848541426163841,0.751252733359074
"result.440","440",0.686,0.787981410559712,0.0560275943186597,0.678167325695139,0.897795495424285,0.78976449170433,0.0541109108795556,0.683707106380401,0.895821877028259,0.732298158505658
"result.441","441",0.686,0.643862178065227,0.0522961340853481,0.541361755257945,0.746362600872509,0.646919227026523,0.0517396660218014,0.545509481623792,0.748328972429254,0.630477679811008
"result.442","442",0.686,0.702176835383052,0.0574192306784503,0.58963514325329,0.814718527512815,0.703485739228184,0.0565943857837854,0.592560743091965,0.814410735364403,0.680223898434928
"result.443","443",0.686,0.638364753433818,0.051940549682,0.536561276057098,0.740168230810538,0.64237779384444,0.0508399892527557,0.542731414909039,0.742024172779841,0.610311256965025
"result.444","444",0.686,0.709739425579018,0.0571182966235831,0.597787564196795,0.82169128696124,0.714887545324371,0.0564998163857294,0.604147905208341,0.825627185440401,0.693973958817095
"result.445","445",0.686,0.642809369744141,0.0527368195463136,0.539445203433367,0.746173536054916,0.642006218980317,0.052547405535155,0.539013304131413,0.74499913382922,0.637878460006768
"result.446","446",0.686,0.669576866076991,0.0561352530874055,0.559551770025676,0.779601962128306,0.666164226964279,0.056761917550191,0.554910868565905,0.777417585362654,0.686207804228339
"result.447","447",0.686,0.709992682560925,0.0567710689686192,0.598721387382431,0.821263977739419,0.715159943418983,0.0565622442302179,0.604297944727756,0.82602194211021,0.704588563569355
"result.448","448",0.686,0.616013586338313,0.0499179089411261,0.518174484813706,0.71385268786292,0.618138483325093,0.0500947419155377,0.519952789170639,0.716324177479547,0.62042347036397
"result.449","449",0.686,0.672020769995425,0.0536677735832431,0.566831933772268,0.777209606218581,0.669469764871561,0.0538528428928565,0.563918192801562,0.77502133694156,0.677185291056186
"result.450","450",0.686,0.727323607286912,0.0568275662759483,0.615941577386053,0.838705637187771,0.72860883389661,0.0566324024772183,0.617609325041263,0.839608342751958,0.721796682965288
"result.451","451",0.686,0.790196329671743,0.0582062605753579,0.676112058944041,0.904280600399444,0.793888026229348,0.0571735411132262,0.681827885647424,0.905948166811271,0.760893031177443
"result.452","452",0.686,0.71794141580777,0.0562631730745895,0.607665596581575,0.828217235033966,0.721835034534886,0.0556632910398701,0.612734984096741,0.830935084973031,0.702017474427776
"result.453","453",0.686,0.686633935522143,0.0554990760867571,0.577855746392099,0.795412124652187,0.68239180154825,0.0559066364680156,0.572814794070939,0.791968809025561,0.696918838039822
"result.454","454",0.686,0.678009995177327,0.052643977653939,0.574827798975607,0.781192191379048,0.683480738376485,0.0524589350665577,0.580661225646032,0.786300251106938,0.673134426836813
"result.455","455",0.686,0.612083557070647,0.0506157178261163,0.512876750131459,0.711290364009835,0.616309169315548,0.0500734390497947,0.518165228777951,0.714453109853146,0.597692133693837
"result.456","456",0.686,0.667673333628174,0.0538179616350024,0.562190128823569,0.773156538432778,0.668415595297541,0.0532534040400702,0.564038923379003,0.772792267216078,0.652335594381328
"result.457","457",0.686,0.71663194079716,0.0558193465602521,0.607226021539066,0.826037860055254,0.719913039877667,0.0554225952160277,0.611284753254253,0.828541326501082,0.705624760348911
"result.458","458",0.686,0.71049376476237,0.0558260544047463,0.601074698129068,0.819912831395673,0.7109117316109,0.055826164885764,0.601492448434803,0.820331014786997,0.710464751724779
"result.459","459",0.686,0.759652973458418,0.0569709644443507,0.64798988314749,0.871316063769345,0.762402774644157,0.0569711392126468,0.650739341787369,0.874066207500945,0.759624766788007
"result.460","460",0.686,0.649774877061696,0.0511253476671178,0.549569195634145,0.749980558489247,0.65144647057702,0.0500736210983594,0.553302173224235,0.749590767929804,0.622003379532943
"result.461","461",0.686,0.704600583077844,0.0547588059835569,0.597273323350072,0.811927842805615,0.710170595904305,0.0545668963216526,0.603219479113866,0.817121712694744,0.699243326896749
"result.462","462",0.686,0.625264744534641,0.050866651692614,0.525566107217117,0.724963381852164,0.630452000630223,0.0506875313203016,0.531104439242432,0.729799562018014,0.620623175289913
"result.463","463",0.686,0.707873990805667,0.0566954931284612,0.596750824273883,0.818997157337451,0.711510523694284,0.0562907411321515,0.601180671075268,0.821840376313301,0.697468190050444
"result.464","464",0.686,0.721198170828249,0.0555144548021144,0.612389839416105,0.830006502240393,0.723226364898719,0.0549376339800504,0.61554860229782,0.830904127499618,0.705799666085668
"result.465","465",0.686,0.735498840071299,0.0556465879494289,0.626431527690418,0.84456615245218,0.740994666597364,0.0548518791646211,0.633484983434707,0.848504349760021,0.713787733572456
"result.466","466",0.686,0.760316253491518,0.0537041488055491,0.655056121832642,0.865576385150394,0.7633920393821,0.0533426148789236,0.65884051421941,0.86794356454479,0.750051600101915
"result.467","467",0.686,0.703384630252145,0.0512759082212085,0.602883850138577,0.803885410365714,0.708245243051783,0.0505792141115498,0.609109983393146,0.807380502710421,0.683374916496642
"result.468","468",0.686,0.687125536419532,0.0548035325346758,0.579710612651568,0.794540460187497,0.691453453982774,0.05441417633284,0.584801668370407,0.79810523959514,0.676785258781071
"result.469","469",0.686,0.686490638355915,0.0536689970692727,0.58129940410014,0.791681872611689,0.684603284136326,0.0536691834425248,0.579411684588977,0.789794883683674,0.686459918253148
"result.470","470",0.686,0.683535699774355,0.0553054438864691,0.575137029756876,0.791934369791834,0.685876191796267,0.0555199182506831,0.577057152024928,0.794695231567606,0.68915343944283
"result.471","471",0.686,0.62617241703422,0.0526547994289401,0.522969010153497,0.729375823914943,0.630845549803232,0.0522750797781386,0.52838639343808,0.733304706168384,0.617447233559414
"result.472","472",0.686,0.675087047579414,0.0558684204805264,0.565584943437582,0.784589151721246,0.676857030034006,0.0556636198085985,0.567756335209153,0.785957724858859,0.669840735341421
"result.473","473",0.686,0.766862204113479,0.0577083600961219,0.65375381832508,0.879970589901878,0.772247941117096,0.0567104459877386,0.661095466981129,0.883400415253064,0.738329781160229
"result.474","474",0.686,0.696274261666388,0.0540093324897518,0.590415969986475,0.802132553346302,0.700126673601607,0.0528417965142204,0.596556752433735,0.803696594769479,0.667094413634075
"result.475","475",0.686,0.662285660088417,0.0556038768266868,0.553302061508111,0.771269258668724,0.657604572375298,0.0558046761476115,0.548227407125979,0.766981737624616,0.667474671304052
"result.476","476",0.686,0.591519427652521,0.0491985711066723,0.495090228283443,0.687948627021599,0.595622420891799,0.0478191943527089,0.501896799960489,0.689348041823108,0.558484837793985
"result.477","477",0.686,0.670354250412076,0.0546645992530573,0.563211635876084,0.777496864948068,0.674271424989813,0.0542650634458566,0.567911900635935,0.780630949343692,0.660036279975981
"result.478","478",0.686,0.699059382290905,0.0560215744513756,0.589257096366209,0.808861668215602,0.700619615443915,0.0556212142140226,0.59160203558443,0.809637195303399,0.688484669128897
"result.479","479",0.686,0.851256643818647,0.0616276869495719,0.730466377397486,0.972046910239808,0.85627887897759,0.0609618971685179,0.736793560527295,0.975764197427885,0.832565938467603
"result.480","480",0.686,0.671548000320125,0.0545280423529968,0.564673037308251,0.778422963331998,0.676578034857617,0.0537403684117737,0.57124691277054,0.781909156944693,0.651259487936876
"result.481","481",0.686,0.658629784497851,0.0540058082506972,0.552778400326484,0.764481168669217,0.663247082853751,0.0538104492746393,0.557778602275458,0.768715563432044,0.653269196043931
"result.482","482",0.686,0.744236720571807,0.0564300290444557,0.633633863644674,0.85483957749894,0.748359867068955,0.0558232574214868,0.638946282522841,0.857773451615069,0.726967443184818
"result.483","483",0.686,0.705011142762176,0.0537878514878359,0.599586953846018,0.810435331678335,0.709964784139042,0.0530468139905619,0.605993028717541,0.813936539560544,0.684524956092102
"result.484","484",0.686,0.73773959099757,0.0557220154241306,0.628524440766274,0.846954741228866,0.736511137964664,0.055722187629728,0.627295650210398,0.845726625718931,0.73771357737036
"result.485","485",0.686,0.634419551449189,0.0522231308842869,0.532062214915987,0.736776887982392,0.632922459825037,0.0525995044998477,0.529827431005336,0.736017488644738,0.644321120732597
"result.486","486",0.686,0.739548913910511,0.0574270131326568,0.626991968170504,0.852105859650518,0.737707385287292,0.0578503032474375,0.624320790922315,0.85109397965227,0.751030547971537
"result.487","487",0.686,0.648051695025526,0.0526174378934325,0.544921516754399,0.751181873296654,0.651563764824361,0.0516681453433493,0.550294199951396,0.752833329697326,0.624544916579463
"result.488","488",0.686,0.685129478843206,0.0549939397141193,0.577341357003532,0.79291760068288,0.689324929672106,0.0537997173554096,0.583877483655504,0.794772375688709,0.654894559328895
"result.489","489",0.686,0.698559056209817,0.0565440658327523,0.587732687177623,0.809385425242012,0.697605198017112,0.056338260922115,0.587182206609767,0.808028189424457,0.693450404685392
"result.490","490",0.686,0.726631793526825,0.0553053041860364,0.618233397322194,0.835030189731457,0.729142124210054,0.0543448143399217,0.622626288103808,0.835657960316301,0.700636790332843
"result.491","491",0.686,0.629383757623977,0.0514117050766347,0.528616815673773,0.730150699574181,0.630463862502271,0.0505056117502647,0.531472863471752,0.72945486153279,0.60540782174485
"result.492","492",0.686,0.652496855542971,0.0546535149036067,0.545375966331902,0.75961774475404,0.654504265600635,0.0538751728436991,0.548908926826985,0.760099604374286,0.631260914606187
"result.493","493",0.686,0.694481057724087,0.0529725663352767,0.590654827706944,0.798307287741229,0.697500582741189,0.0524295302371811,0.594738703476314,0.800262462006064,0.679383721962763
"result.494","494",0.686,0.729899610816293,0.0558099956184391,0.620512019404152,0.839287202228433,0.731433350129855,0.0552078045078863,0.623226053294398,0.839640646965312,0.713320478854793
"result.495","495",0.686,0.7132013212255,0.05536557796015,0.604684788423606,0.821717854027394,0.715808413230181,0.0531866657250415,0.6115625484091,0.820054278051262,0.659688595967289
"result.496","496",0.686,0.647906571518341,0.0510926151945518,0.547765045737019,0.748048097299663,0.646975421364453,0.0514495414896446,0.54613432004475,0.747816522684156,0.657858195183437
"result.497","497",0.686,0.6316822677179,0.0529342062083256,0.527931223549582,0.735433311886218,0.63696976023466,0.0523646132192837,0.534335118324864,0.739604402144456,0.617530484604086
"result.498","498",0.686,0.650103827210272,0.0548803457553185,0.542538349529848,0.757669304890696,0.654555472365674,0.0544833170402694,0.547768170966746,0.761342773764603,0.639726697162796
"result.499","499",0.686,0.68401204924189,0.0551172122275518,0.575982313275888,0.792041785207891,0.686679453025294,0.0541227872616543,0.580598789992451,0.792760116058136,0.659857866311034
"result.500","500",0.686,0.680265006359731,0.0543586647738035,0.573722023403076,0.786807989316386,0.688077168391303,0.0529910893354081,0.584214633293904,0.791939703488703,0.649081458884521
